"playerId","player","team","playerposition","age","exp","bye","points","lower","upper","sdPts","positionRank","dropoff","tier","ptSpread","overallECR","positionECR","sdRank","risk","games","ptsGame","vor","overallRank","vorLow","vorHigh","vorGame","vorGameLow","vorGameHigh","adp","auctionValue","adpDiff","cost","sleeper"
2553435,"David Johnson","ARI","RB",26,2,8,297,297,297,NA,1,38.15,1,0,1.3,1.3,0.4,1.37044522416377,16,18.5625,187.766666666667,1,187.766666666667,187.766666666667,11.5770833333333,11.5770833333333,11.5770833333333,1.918,50.17,-0.918,51,NA
2555224,"Ezekiel Elliott","DAL","RB",22,1,6,259.6,259.6,259.6,NA,2,17,1,0,3.4,2.9,0.6,1.47393341148185,16,16.225,150.366666666667,2,150.366666666667,150.366666666667,9.23958333333334,9.23958333333334,9.23958333333334,2.916,47.8533,-0.916,44,NA
2540175,"LeVeon Bell","PIT","RB",25,4,9,258.1,258.1,258.1,NA,3,34.5,0,0,1.9,1.9,0.7,1.52567750514089,16,16.13125,148.866666666667,3,148.866666666667,148.866666666667,9.14583333333334,9.14583333333334,9.14583333333334,2.352,46.5867,0.648,42,NA
79607,"LeSean McCoy","BUF","RB",29,8,6,227.1,227.1,227.1,NA,4,9.34999999999999,0,0,7.9,4.5,0.9,1.62916569245898,16,14.19375,117.866666666667,4,117.866666666667,117.866666666667,7.20833333333333,7.20833333333333,7.20833333333333,9.524,34.7033,-5.524,32,NA
2555418,"Jordan Howard","CHI","RB",23,1,9,220.1,220.1,220.1,NA,5,10.75,0,0,14.4,8.3,2.2,2.30183891002651,16,13.75625,110.866666666667,5,110.866666666667,110.866666666667,6.77083333333333,6.77083333333333,6.77083333333333,15.686,27.6,-10.686,25,NA
2543583,"Devonta Freeman","ATL","RB",25,3,5,215.4,215.4,215.4,NA,6,14.7,0,0,12.6,6.9,1.3,1.83614206709514,16,13.4625,106.166666666667,6,106.166666666667,106.166666666667,6.47708333333333,6.47708333333333,6.47708333333333,11.012,34.9567,-5.012,32,NA
2552469,"Melvin Gordon","LAC","RB",24,2,8,203.3,203.3,203.3,NA,7,8.40000000000003,0,0,9.2,5.3,1.2,1.7843979734361,16,12.70625,94.0666666666667,7,94.0666666666667,94.0666666666667,5.72083333333333,5.72083333333333,5.72083333333333,11.386,29.0567,-4.386,27,NA
2552582,"Jay Ajayi","MIA","RB",24,2,11,198.1,198.1,198.1,NA,8,10.45,0,0,12.3,6.7,1.5,1.93963025441322,16,12.38125,88.8666666666667,8,88.8666666666667,88.8666666666667,5.39583333333333,5.39583333333333,5.39583333333333,19.976,26.3533,-11.976,24,NA
2508061,"Antonio Brown","PIT","WR",29,7,9,205.9,205.9,205.9,NA,1,2.44999999999999,1,0,3.9,1.1,0.2,1.74969961380878,16,12.86875,88.6,9,88.6,88.6,5.51875,5.51875,5.51875,4.852,48.5267,4.148,44,NA
2543496,"Odell Beckham","NYG","WR",25,3,8,204.2,204.2,204.2,NA,2,8.55000000000001,1,0,6.4,2.7,0.9,1.97683171600963,16,12.7625,86.9,10,86.9,86.9,5.4125,5.4125,5.4125,9.438,44.0133,0.561999999999999,40,NA
2495454,"Julio Jones","ATL","WR",28,6,5,202.7,202.7,202.7,NA,3,14.15,0,0,6.3,2.7,0.9,1.97683171600963,16,12.66875,85.4,11,85.4,85.4,5.31875,5.31875,5.31875,6.82,46.0933,4.18,42,NA
2506363,"Aaron Rodgers","GB","QB",34,12,8,352.7,352.7,352.7,NA,1,32.9300000000001,1,0,33.8,1,0,2.43416200325086e-05,16,22.04375,83.3133333333334,12,83.3133333333334,83.3133333333334,5.20708333333334,5.20708333333334,5.20708333333334,18.458,25.4467,-6.458,23,NA
2495207,"DeMarco Murray","TEN","RB",29,6,8,191.7,191.7,191.7,NA,9,8.14999999999998,0,0,15,8.5,1.4,1.88788616075418,16,11.98125,82.4666666666667,13,82.4666666666667,82.4666666666667,4.99583333333333,4.99583333333333,4.99583333333333,16.662,26.6433,-3.662,24,NA
2495663,"Marshawn Lynch","OAK","RB",31,10,10,183.6,183.6,183.6,NA,10,0.25,0,0,33.9,14.5,5,3.75067353247965,16,11.475,74.3666666666667,14,74.3666666666667,74.3666666666667,4.48958333333333,4.48958333333333,4.48958333333333,28.368,19.8833,-14.368,18,NA
2533034,"Lamar Miller","HOU","RB",26,5,7,183.5,183.5,183.5,NA,11,6.05000000000001,0,0,25.4,12.7,1.8,2.09486253539034,16,11.46875,74.2666666666667,15,74.2666666666667,74.2666666666667,4.48333333333333,4.48333333333333,4.48333333333333,26.084,26.1967,-11.084,24,NA
2552475,"Todd Gurley","LAR","RB",23,2,9,183.2,183.2,183.2,NA,12,14.45,0,0,22,10.9,2.2,2.30183891002651,16,11.45,73.9666666666667,16,73.9666666666667,73.9666666666667,4.46458333333333,4.46458333333333,4.46458333333333,23.812,31.5767,-7.812,29,NA
2543468,"Mike Evans","TB","WR",24,3,11,188.6,188.6,188.6,NA,4,7.09999999999999,0,0,8.5,4.1,1.1,2.04172660235273,16,11.7875,71.3,17,71.3,71.3,4.4375,4.4375,4.4375,9.31,36.6433,7.69,33,NA
1032,"Jordy Nelson","GB","WR",32,9,8,188.5,188.5,188.5,NA,5,17.85,0,0,13.2,6.2,1.2,2.07417404552428,16,11.78125,71.2,18,71.2,71.2,4.43125,4.43125,4.43125,19.138,33.1967,-1.138,30,NA
2555460,"Paul Perkins","NYG","RB",23,1,8,171.7,171.7,171.7,NA,13,6.04999999999998,0,0,70.2,27.3,4.7,3.59544125150253,16,10.73125,62.4666666666667,19,62.4666666666667,62.4666666666667,3.74583333333333,3.74583333333333,3.74583333333333,87.29,4.36,-68.29,4,NA
2504211,"Tom Brady","NE","QB",40,17,9,329.4,329.4,329.4,NA,2,23.54,1,0,36.8,2.2,0.4,0.894240271799219,16,20.5875,60.0133333333333,20,60.0133333333333,60.0133333333333,3.75083333333333,3.75083333333333,3.75083333333333,26.988,17.87,-6.988,17,NA
2556370,"Michael Thomas","NO","WR",23,1,5,174.5,174.5,174.5,NA,6,9.84999999999999,0,0,15.6,7.5,1.6,2.20396381821048,16,10.90625,57.2,21,57.2,57.2,3.55625,3.55625,3.55625,21.108,30.2133,-0.108000000000001,28,NA
2557973,"Leonard Fournette","JAC","RB",21,0,8,165.8,165.8,165.8,NA,14,1,0,0,23.5,11.8,2.7,2.56055937832171,16,10.3625,56.5666666666667,22,56.5666666666667,56.5666666666667,3.37708333333333,3.37708333333333,3.37708333333333,24.808,22.8733,-2.808,21,NA
2506404,"Frank Gore","IND","RB",34,12,11,165.5,165.5,165.5,NA,15,2.55000000000001,0,0,66.9,26.7,5.9,4.21637037541102,16,10.34375,56.2666666666667,23,56.2666666666667,56.2666666666667,3.35833333333333,3.35833333333333,3.35833333333333,84.654,5.28,-61.654,5,NA
2495328,"Bilal Powell","NYJ","RB",29,6,11,164.1,164.1,164.1,NA,16,9.04999999999998,0,0,65.2,26.3,4.7,3.59544125150253,16,10.25625,54.8666666666667,24,54.8666666666667,54.8666666666667,3.27083333333333,3.27083333333333,3.27083333333333,71.97,6.6567,-47.97,6,NA
2495466,"Mark Ingram","NO","RB",28,6,5,161.8,161.8,161.8,NA,17,14.65,0,0,54.3,23,5.2,3.85416171979773,16,10.1125,52.5666666666667,25,52.5666666666667,52.5666666666667,3.12708333333333,3.12708333333333,3.12708333333333,54.252,14.1733,-29.252,13,NA
2495450,"A.J. Green","CIN","WR",29,6,6,166.8,166.8,166.8,NA,7,5.20000000000002,0,0,10.1,5.1,1,2.00927915918118,16,10.425,49.5,26,49.5,49.5,3.075,3.075,3.075,13.898,38.7067,12.102,35,NA
2532865,"T.Y. Hilton","IND","WR",28,5,11,162.5,162.5,162.5,NA,8,2.90000000000001,0,0,16.1,7.5,1.3,2.10662148869583,16,10.15625,45.2,27,45.2,45.2,2.80625,2.80625,2.80625,30.91,28.25,-3.91,26,NA
497278,"Dez Bryant","DAL","WR",29,7,6,160.7,160.7,160.7,NA,9,2.34999999999999,0,0,18.7,8.9,1.4,2.13906893186738,16,10.04375,43.4,28,43.4,43.4,2.69375,2.69375,2.69375,29.97,31.7967,-1.97,29,NA
497240,"Rob Gronkowski","NE","TE",28,7,9,146,146,146,NA,1,7,1,0,26.6,1.2,0.6,2.6703371500631,16,9.125,43.1333333333333,29,43.1333333333333,43.1333333333333,2.69583333333333,2.69583333333333,2.69583333333333,27.092,30.1133,1.908,28,NA
497328,"Demaryius Thomas","DEN","WR",30,7,5,158.5,158.5,158.5,NA,10,2.30000000000001,0,0,34.9,15.7,2.6,2.52843824992598,16,9.90625,41.2,30,41.2,41.2,2.55625,2.55625,2.55625,46.59,19.9833,-16.59,18,NA
2530747,"Doug Baldwin","SEA","WR",29,6,6,158.2,158.2,158.2,NA,11,5.79999999999998,0,0,23.9,11.4,1.7,2.23641126138203,16,9.8875,40.9,31,40.9,40.9,2.5375,2.5375,2.5375,32.584,17.78,-1.584,17,NA
2504775,"Drew Brees","NO","QB",38,16,5,310.14,310.14,310.14,NA,3,8.55999999999995,1,0,41.8,3.1,0.6,1.34134823688881,16,19.38375,40.7533333333333,32,40.7533333333333,40.7533333333333,2.54708333333333,2.54708333333333,2.54708333333333,37.288,13.8133,-5.288,13,NA
2540258,"Travis Kelce","KC","TE",28,4,10,143.5,143.5,143.5,NA,2,11.5,1,0,37.8,2.1,0.6,2.6703371500631,16,8.96875,40.6333333333333,33,40.6333333333333,40.6333333333333,2.53958333333333,2.53958333333333,2.53958333333333,38.716,13.58,-5.716,13,NA
2543743,"Carlos Hyde","SF","RB",26,3,11,148.3,148.3,148.3,NA,18,2.80000000000001,0,0,33.2,16.1,2.9,2.66404756563979,16,9.26875,39.0666666666667,34,39.0666666666667,39.0666666666667,2.28333333333333,2.28333333333333,2.28333333333333,43.654,15.8733,-9.654,15,NA
2552487,"Amari Cooper","OAK","WR",23,2,10,154.2,154.2,154.2,NA,12,3.64999999999998,0,0,23,11,2.3,2.43109592041133,16,9.6375,36.9,35,36.9,36.9,2.2875,2.2875,2.2875,31.142,27.2067,3.858,25,NA
2550189,"Isaiah Crowell","CLE","RB",24,3,9,146,146,146,NA,19,4.05000000000001,0,0,27.6,13.4,2.4,2.40532709734459,16,9.125,36.7666666666667,36,36.7666666666667,36.7666666666667,2.13958333333333,2.13958333333333,2.13958333333333,36.774,10.9,-0.774000000000001,10,NA
2557976,"Joe Mixon","CIN","RB",21,0,6,145,145,145,NA,20,7.5,0,0,39.2,17.5,5.1,3.80241762613869,16,9.0625,35.7666666666667,37,35.7666666666667,35.7666666666667,2.07708333333333,2.07708333333333,2.07708333333333,43.688,14.0733,-6.688,13,NA
2543509,"Allen Robinson","JAC","WR",24,3,8,150.6,150.6,150.6,NA,13,1.60000000000002,0,0,32.8,15.6,3.4,2.78801779529838,16,9.4125,33.3,38,33.3,33.3,2.0625,2.0625,2.0625,55.266,20.2567,-17.266,19,NA
2543471,"Kelvin Benjamin","CAR","WR",26,3,11,150.5,150.5,150.5,NA,14,3.5,0,0,77.5,33.3,5.1,3.33962432921473,16,9.40625,33.2,39,33.2,33.2,2.05625,2.05625,2.05625,74.366,5.98,-35.366,6,NA
2533031,"Andrew Luck","IND","QB",28,5,11,301.58,301.58,301.58,NA,4,4.79000000000008,1,0,48.7,4.3,1.2,2.68267213215759,16,18.84875,32.1933333333334,40,32.1933333333334,32.1933333333334,2.01208333333334,2.01208333333334,2.01208333333334,53.692,13.4133,-13.692,13,NA
2532975,"Russell Wilson","SEA","QB",29,5,6,301.58,301.58,301.58,NA,5,11.4999999999999,0,0,64.2,6.1,1.5,3.35333407979198,16,18.84875,32.1933333333333,41,32.1933333333333,32.1933333333333,2.01208333333333,2.01208333333333,2.01208333333333,62.88,10.3667,-21.88,10,NA
2495700,"Greg Olsen","CAR","TE",32,10,11,134.5,134.5,134.5,NA,3,7,0,0,52.8,3.7,1,2.87564403524726,16,8.40625,31.6333333333333,42,31.6333333333333,31.6333333333333,1.97708333333333,1.97708333333333,1.97708333333333,46.13,12.1933,-4.13,11,NA
2556214,"Tyreek Hill","KC","WR",23,1,10,147.5,147.5,147.5,NA,15,1.65000000000001,0,0,63.6,26.9,6,3.63165131775868,16,9.21875,30.2,43,30.2,30.2,1.86875,1.86875,1.86875,66.844,8.7267,-23.844,8,NA
2540204,"Spencer Ware","KC","RB",26,4,10,138.9,138.9,138.9,NA,21,5.55000000000001,0,0,50.1,20.4,4.8,3.64718534516157,16,8.68125,29.6666666666667,44,29.6666666666667,29.6666666666667,1.69583333333333,1.69583333333333,1.69583333333333,49.194,8.14,-5.194,8,NA
71269,"Michael Crabtree","OAK","WR",30,8,10,146.5,146.5,146.5,NA,16,1.40000000000001,0,0,46.6,21.4,3.6,2.85291268164148,16,9.15625,29.2,45,29.2,29.2,1.80625,1.80625,1.80625,55.428,9.4933,-10.428,9,NA
2543457,"Sammy Watkins","BUF","WR",24,3,6,145.2,145.2,145.2,NA,17,0.899999999999977,0,0,36.1,16.9,3.8,2.91780756798458,16,9.075,27.9,46,27.9,27.9,1.725,1.725,1.725,49.106,17.1067,-3.106,16,NA
2543498,"Brandin Cooks","NE","WR",24,3,9,145,145,145,NA,18,1.44999999999999,0,0,33.4,15.7,4.4,3.11249222701388,16,9.0625,27.7,47,27.7,27.7,1.7125,1.7125,1.7125,47.05,21.9833,-0.0499999999999972,20,NA
2540269,"C.J. Anderson","DEN","RB",26,4,5,136.1,136.1,136.1,NA,22,6.40000000000001,0,0,46.7,19.8,4.5,3.49195306418445,16,8.50625,26.8666666666667,48,26.8666666666667,26.8666666666667,1.52083333333333,1.52083333333333,1.52083333333333,58.94,12.7533,-10.94,12,NA
497236,"Jimmy Graham","SEA","TE",31,7,6,129.5,129.5,129.5,NA,4,11.5,0,0,68.8,5.6,1.3,3.02962419913538,16,8.09375,26.6333333333333,49,26.6333333333333,26.6333333333333,1.66458333333333,1.66458333333333,1.66458333333333,72.708,5.32,-23.708,5,NA
2543488,"Jarvis Landry","MIA","WR",25,3,11,143.6,143.6,143.6,NA,19,1.25,0,0,55.8,25.5,4.9,3.27472944287163,16,8.975,26.3,50,26.3,26.3,1.625,1.625,1.625,43.642,17.06,6.358,16,NA
2540165,"DeAndre Hopkins","HOU","WR",25,4,7,143.5,143.5,143.5,NA,20,3.90000000000001,0,0,29.2,14.1,5,3.30717688604318,16,8.96875,26.2,51,26.2,26.2,1.61875,1.61875,1.61875,33.688,27.7367,17.312,25,NA
2506106,"Larry Fitzgerald","ARI","WR",34,13,8,141.2,141.2,141.2,NA,21,3.84999999999999,0,0,58.5,26.3,4.4,3.11249222701388,16,8.825,23.9,52,23.9,23.9,1.475,1.475,1.475,81.82,7.1033,-29.82,7,NA
2540160,"Jordan Reed","WAS","TE",27,4,5,125.5,125.5,125.5,NA,5,15.5,0,0,49.6,3.2,0.8,2.77299059265518,16,7.84375,22.6333333333333,53,22.6333333333333,22.6333333333333,1.41458333333333,1.41458333333333,1.41458333333333,42.332,18.3933,10.668,17,NA
2552033,"Jameis Winston","TB","QB",23,2,11,292,292,292,NA,6,9.13999999999999,0,0,84.2,9.4,2.2,4.91821195760556,16,18.25,22.6133333333333,54,22.6133333333333,22.6133333333333,1.41333333333333,1.41333333333333,1.41333333333333,80.148,6.5633,-26.148,6,NA
2540168,"Eddie Lacy","SEA","RB",26,4,6,130.6,130.6,130.6,NA,23,2.19999999999999,0,0,51,21.3,3.9,3.1814885022302,16,8.1625,21.3666666666667,55,21.3666666666667,21.3666666666667,1.17708333333333,1.17708333333333,1.17708333333333,84.864,12.4633,-29.864,12,NA
2346,"Pierre Garcon","SF","WR",31,9,11,138,138,138,NA,22,2.40000000000001,0,0,86.6,35.1,6.4,3.76144109044488,16,8.625,20.7,56,20.7,20.7,1.275,1.275,1.275,94.38,3.5333,-38.38,4,NA
2539663,"Mike Gillislee","NE","RB",27,4,9,128.8,128.8,128.8,NA,24,1.45000000000002,0,0,64.1,26.2,7,4.78555540566047,16,8.05,19.5666666666667,57,19.5666666666667,19.5666666666667,1.06458333333333,1.06458333333333,1.06458333333333,75.61,4.77,-18.61,5,NA
497326,"Golden Tate","DET","WR",29,7,7,136.7,136.7,136.7,NA,23,4.14999999999998,0,0,56.8,25.5,5.4,3.43696665872938,16,8.54375,19.4,58,19.4,19.4,1.19375,1.19375,1.19375,72.524,10.5833,-14.524,10,NA
310,"Matt Ryan","ATL","QB",32,9,5,288.16,288.16,288.16,NA,7,11.98,0,0,64.8,6.6,2.5,5.58887390523995,16,18.01,18.7733333333334,59,18.7733333333334,18.7733333333334,1.17333333333334,1.17333333333334,1.17333333333334,43.732,10.8233,15.268,10,NA
2557991,"Dalvin Cook","MIN","RB",22,0,9,128,128,128,NA,25,1.5,0,0,67.8,27.2,5.4,3.95764990711582,16,8,18.7666666666667,60,18.7666666666667,18.7666666666667,1.01458333333333,1.01458333333333,1.01458333333333,62.036,11.0033,-2.036,10,NA
949,"Jonathan Stewart","CAR","RB",30,9,11,126.7,126.7,126.7,NA,26,0.499999999999986,0,0,102.6,36.5,6.2,4.37160265638814,16,7.91875,17.4666666666667,61,17.4666666666667,17.4666666666667,0.933333333333334,0.933333333333334,0.933333333333334,119.208,5.3733,-58.208,5,NA
2552608,"Stefon Diggs","MIN","WR",24,2,9,134.5,134.5,134.5,NA,24,4.39999999999998,0,0,74.2,31.9,7.6,4.15081040850348,16,8.40625,17.2,62,17.2,17.2,1.05625,1.05625,1.05625,74.42,6.35,-12.42,6,NA
2552453,"Tevin Coleman","ATL","RB",24,2,5,126.3,126.3,126.3,NA,27,3.70000000000002,0,0,58.6,24.2,4.3,3.38846487686637,16,7.89375,17.0666666666667,63,17.0666666666667,17.0666666666667,0.908333333333334,0.908333333333334,0.908333333333334,62.856,5.2467,0.143999999999998,5,NA
234,"Matt Forte","NYJ","RB",32,9,11,126.1,126.1,126.1,NA,28,7.25000000000001,0,0,103.3,37.7,7,4.78555540566047,16,7.88125,16.8666666666667,64,16.8666666666667,16.8666666666667,0.895833333333334,0.895833333333334,0.895833333333334,104.084,6.1333,-40.084,6,NA
2553568,"Cameron Meredith","CHI","WR",NA,NA,9,130.6,130.6,130.6,NA,25,1,0,0,97.2,39.2,7.2,4.02102063581728,16,8.1625,13.3,65,13.3,13.3,0.812500000000001,0.812500000000001,0.812500000000001,110.3625,2.0067,-45.3625,2,NA
497322,"Emmanuel Sanders","DEN","WR",30,7,5,129.6,129.6,129.6,NA,26,0.150000000000006,0,0,54.2,24.5,3.9,2.95025501115613,16,8.1,12.3,66,12.3,12.3,0.750000000000001,0.750000000000001,0.750000000000001,69.952,9.3367,-3.952,9,NA
2550256,"Willie Snead","NO","WR",25,3,5,129.6,129.6,129.6,NA,26,1.40000000000003,0,0,75,30.9,6.7,3.85878341995953,16,8.1,12.3,66,12.3,12.3,0.750000000000001,0.750000000000001,0.750000000000001,102.34,3.12,-36.34,3,NA
2552415,"Jamison Crowder","WAS","WR",24,2,5,129.3,129.3,129.3,NA,28,4.95000000000002,0,0,75,32,6,3.63165131775868,16,8.08125,12,68,12,12,0.73125,0.73125,0.73125,91.428,5.4167,-23.428,5,NA
2552374,"Ameer Abdullah","DET","RB",24,2,7,119.1,119.1,119.1,NA,29,0.799999999999997,0,0,65.8,26.7,4.1,3.28497668954828,16,7.44375,9.86666666666666,69,9.86666666666666,9.86666666666666,0.458333333333333,0.458333333333333,0.458333333333333,89.754,3.9367,-20.754,4,NA
238498,"Julian Edelman","NE","WR",31,8,9,127.1,127.1,127.1,NA,29,5.75,0,0,58.8,26.4,5.8,3.56675643141558,16,7.94375,9.8,70,9.8,9.8,0.593749999999999,0.593749999999999,0.593749999999999,57.802,11.89,12.198,11,NA
100026,"Cardinals","ARI","DST",NA,NA,8,131,131,131,NA,1,5,1,0,165.1,5.9,2.2,4.14630865198846,16,8.1875,9.66666666666667,71,9.66666666666667,9.66666666666667,0.604166666666667,0.604166666666667,0.604166666666667,130.8567,1.51,-59.8567,2,NA
2532899,"Doug Martin","TB","RB",28,5,11,118.6,118.6,118.6,NA,30,1.05,0,0,82.2,32.3,6.4,4.47509084370622,16,7.4125,9.36666666666666,72,9.36666666666666,9.36666666666666,0.427083333333333,0.427083333333333,0.427083333333333,81.418,9.3933,-9.41800000000001,9,NA
2556075,"Derrick Henry","TEN","RB",23,1,8,118,118,118,NA,31,1.7,0,0,99,37.2,4.9,3.69892943882061,16,7.375,8.76666666666667,73,8.76666666666667,8.76666666666667,0.389583333333333,0.389583333333333,0.389583333333333,98.892,4.1067,-25.892,4,NA
2552466,"Marcus Mariota","TEN","QB",24,2,8,277.56,277.56,277.56,NA,8,4.06,0,0,80.9,8.8,2.8,6.25953585287434,16,17.3475,8.17333333333335,74,8.17333333333335,8.17333333333335,0.510833333333334,0.510833333333334,0.510833333333334,80.83,6.0767,-6.83,6,NA
2540020,"Theo Riddick","DET","RB",26,4,7,117.1,117.1,117.1,NA,32,3.64999999999999,0,0,105.5,39.2,4.7,3.59544125150253,16,7.31875,7.86666666666666,75,7.86666666666666,7.86666666666666,0.333333333333333,0.333333333333333,0.333333333333333,92.48,2.86,-17.48,3,NA
1062,"Martellus Bennett","GB","TE",30,9,8,110.5,110.5,110.5,NA,6,2,0,0,91.4,8.5,1.5,3.13227764172745,16,6.90625,7.63333333333333,76,7.63333333333333,7.63333333333333,0.477083333333333,0.477083333333333,0.477083333333333,85.358,3.3833,-9.358,4,NA
2540148,"Tyler Eifert","CIN","TE",27,4,6,109.5,109.5,109.5,NA,7,2.44999999999999,0,0,74.2,6.5,1.6,3.18360436302349,16,6.84375,6.63333333333333,77,6.63333333333333,6.63333333333333,0.414583333333333,0.414583333333333,0.414583333333333,71.946,5.9967,5.054,6,NA
2557997,"Christian McCaffrey","CAR","RB",21,0,11,115.5,115.5,115.5,NA,33,5.59999999999999,0,0,42.8,19,7.1,4.83729949931951,16,7.21875,6.26666666666667,78,6.26666666666667,6.26666666666667,0.233333333333333,0.233333333333333,0.233333333333333,35.364,17.1867,42.636,16,NA
100009,"Broncos","DEN","DST",NA,NA,5,127,127,127,NA,2,8.5,1,0,148,1.5,1,2.11017525051993,16,7.9375,5.66666666666667,79,5.66666666666667,5.66666666666667,0.354166666666667,0.354166666666667,0.354166666666667,99.0967,3.1333,-20.0967,3,NA
79860,"Matthew Stafford","DET","QB",29,8,7,274.8,274.8,274.8,NA,9,3.25000000000006,0,0,105.2,14.3,2.9,6.48308983541914,16,17.175,5.41333333333336,80,5.41333333333336,5.41333333333336,0.338333333333335,0.338333333333335,0.338333333333335,106.88,3.92,-26.88,4,NA
2555341,"Hunter Henry","LAC","TE",23,1,8,107.5,107.5,107.5,NA,8,1.44999999999999,0,0,107.9,11,1.6,3.18360436302349,16,6.71875,4.63333333333333,81,4.63333333333333,4.63333333333333,0.289583333333333,0.289583333333333,0.289583333333333,109.668,3.3833,-28.668,4,NA
71217,"Kenny Britt","CLE","WR",29,8,9,121.6,121.6,121.6,NA,30,0.850000000000009,0,0,106.7,42.9,5.6,3.50186154507248,16,7.6,4.30000000000001,82,4.30000000000001,4.30000000000001,0.25,0.25,0.25,129.616,1.58,-47.616,2,NA
2507763,"Mike Wallace","BAL","WR",31,8,10,121.1,121.1,121.1,NA,31,1.09999999999999,0,0,116.9,44.9,4.8,3.24228199970008,16,7.56875,3.8,83,3.8,3.8,0.218749999999999,0.218749999999999,0.218749999999999,133.776,1.8733,-50.776,2,NA
2495438,"Kyle Rudolph","MIN","TE",28,6,9,106.6,106.6,106.6,NA,9,5.60000000000001,0,0,92.3,8.5,1.9,3.33758452691161,16,6.6625,3.73333333333333,84,3.73333333333333,3.73333333333333,0.233333333333333,0.233333333333333,0.233333333333333,78.592,3.36,5.408,4,NA
100021,"Patriots","NE","DST",NA,NA,9,125,125,125,NA,3,13.5,1,0,170.7,6.7,1.8,3.46759751816562,16,7.8125,3.66666666666667,85,3.66666666666667,3.66666666666667,0.229166666666667,0.229166666666667,0.229166666666667,125.2333,1.4767,-40.2333,2,NA
2543572,"Martavis Bryant","PIT","WR",26,3,9,120.4,120.4,120.4,NA,32,1.65000000000001,0,0,68,28.5,6.4,3.76144109044488,16,7.525,3.10000000000001,86,3.10000000000001,3.10000000000001,0.175,0.175,0.175,82.384,5.2333,3.616,5,NA
2543499,"Derek Carr","OAK","QB",26,3,10,272.2,272.2,272.2,NA,10,1.40000000000003,0,0,94.1,11.6,2.8,6.25953585287434,16,17.0125,2.81333333333333,87,2.81333333333333,2.81333333333333,0.175833333333333,0.175833333333333,0.175833333333333,79.476,7.2733,7.524,7,NA
2495966,"Delanie Walker","TEN","TE",33,11,8,105.5,105.5,105.5,NA,10,11,0,0,80.6,7.7,1.7,3.23493108431953,16,6.59375,2.63333333333333,88,2.63333333333333,2.63333333333333,0.164583333333333,0.164583333333333,0.164583333333333,66.854,4.7333,21.146,5,NA
2532903,"Rishard Matthews","TEN","WR",28,5,8,119.6,119.6,119.6,NA,33,1.90000000000001,0,0,117.5,46.9,7.9,4.24815273801813,16,7.475,2.30000000000001,89,2.30000000000001,2.30000000000001,0.125,0.125,0.125,113.794,2.23,-24.794,3,NA
2555229,"Kenneth Dixon","BAL","RB",23,1,10,111.4,111.4,111.4,NA,34,3.25,0,0,112.2,42.6,7.1,4.83729949931951,16,6.9625,2.16666666666667,90,2.16666666666667,2.16666666666667,-0.0229166666666663,-0.0229166666666663,-0.0229166666666663,124.966,2.13,-34.966,2,NA
2495240,"Tyrod Taylor","BUF","QB",28,6,6,270.9,270.9,270.9,NA,11,1.13999999999999,0,0,110.1,14.6,3.4,7.60085974814312,16,16.93125,1.51333333333332,91,1.51333333333332,1.51333333333332,0.0945833333333326,0.0945833333333326,0.0945833333333326,121.31,2.0367,-30.31,2,NA
2506121,"Philip Rivers","LAC","QB",36,13,8,270.7,270.7,270.7,NA,12,1.96999999999997,0,0,101.9,13,2.6,5.81242788778475,16,16.91875,1.31333333333333,92,1.31333333333333,1.31333333333333,0.0820833333333333,0.0820833333333333,0.0820833333333333,108.658,3.08,-16.658,3,NA
2533039,"Alshon Jeffery","PHI","WR",27,5,10,117.9,117.9,117.9,NA,34,0.450000000000003,0,0,34.3,16,4.5,3.14493967018543,16,7.36875,0.600000000000009,93,0.600000000000009,0.600000000000009,0.0187499999999998,0.0187499999999998,0.0187499999999998,58.756,20.6833,34.244,19,NA
2531332,"Terrelle Pryor","WAS","WR",28,6,5,117.5,117.5,117.5,NA,35,0.299999999999997,0,0,44.2,20.1,4.9,3.27472944287163,16,7.34375,0.200000000000003,94,0.200000000000003,0.200000000000003,-0.00625000000000053,-0.00625000000000053,-0.00625000000000053,54.756,10.5933,39.244,10,NA
2543495,"Davante Adams","GB","WR",25,3,8,117.4,117.4,117.4,NA,36,0.700000000000003,0,0,39.2,18.2,4.3,3.08004478384233,16,7.3375,0.100000000000009,95,0.100000000000009,0.100000000000009,-0.0125000000000002,-0.0125000000000002,-0.0125000000000002,62.442,9.3333,32.558,9,NA
2495448,"Randall Cobb","GB","WR",27,6,8,117,117,117,NA,37,1.44999999999999,0,0,103.7,43,5.4,3.43696665872938,16,7.3125,-0.299999999999997,96,-0.299999999999997,-0.299999999999997,-0.0375000000000005,-0.0375000000000005,-0.0375000000000005,104.916,4.8167,-8.916,5,NA
2495143,"Andy Dalton","CIN","QB",30,6,6,268.82,268.82,268.82,NA,13,4.09999999999997,0,0,120.5,17,2.3,5.14176594015036,16,16.80125,-0.566666666666663,97,-0.566666666666663,-0.566666666666663,-0.0354166666666664,-0.0354166666666664,-0.0354166666666664,124.728,1.9233,-27.728,2,NA
2495455,"Cam Newton","CAR","QB",28,6,11,268.64,268.64,268.64,NA,14,7.90999999999997,0,0,85.1,9.8,2.4,5.36531992269516,16,16.79,-0.74666666666667,98,-0.74666666666667,-0.74666666666667,-0.0466666666666669,-0.0466666666666669,-0.0466666666666669,61.134,12.1067,36.866,11,NA
2539265,"Rex Burkhead","NE","RB",27,4,9,108.4,108.4,108.4,NA,35,1.55,0,0,182.4,61,9,5.82043727884129,16,6.775,-0.833333333333329,99,-0.833333333333329,-0.833333333333329,-0.210416666666666,-0.210416666666666,-0.210416666666666,175.482,1,-76.482,1,NA
2552409,"DeVante Parker","MIA","WR",24,2,11,116.4,116.4,116.4,NA,38,2.25,0,0,93,39.5,6.5,3.79388853361643,16,7.275,-0.899999999999991,100,-0.899999999999991,-0.899999999999991,-0.0750000000000002,-0.0750000000000002,-0.0750000000000002,118.248,2.8467,-18.248,3,NA
497149,"LeGarrette Blount","PHI","RB",31,7,10,107.9,107.9,107.9,NA,36,4,0,0,77.2,28.9,8.7,5.66520499786416,16,6.74375,-1.33333333333333,101,-1.33333333333333,-1.33333333333333,-0.241666666666666,-0.241666666666666,-0.241666666666666,82.428,4.9733,18.572,5,NA
2541785,"Adam Thielen","MIN","WR",27,3,9,114.7,114.7,114.7,NA,39,1.14999999999999,0,0,119.1,47.3,5.3,3.40451921555783,16,7.16875,-2.59999999999999,102,-2.59999999999999,-2.59999999999999,-0.18125,-0.18125,-0.18125,135.352,1.74,-33.352,2,NA
2556414,"Rob Kelley","WAS","RB",25,1,5,105.8,105.8,105.8,NA,37,3.95000000000002,0,0,NA,NA,NA,NA,16,6.6125,-3.43333333333332,103,-3.43333333333332,-3.43333333333332,-0.372916666666666,-0.372916666666666,-0.372916666666666,114.0125,2.13,-11.0125,2,NA
2540154,"Keenan Allen","LAC","WR",25,4,8,113.6,113.6,113.6,NA,40,0.600000000000009,0,0,43.5,20.5,5.8,3.56675643141558,16,7.1,-3.69999999999999,104,-3.69999999999999,-3.69999999999999,-0.25,-0.25,-0.25,50.302,16.7733,53.698,16,NA
2532884,"Marvin Jones","DET","WR",27,5,7,113.5,113.5,113.5,NA,41,1.5,0,0,125.8,48.8,4.7,3.20983455652853,16,7.09375,-3.8,105,-3.8,-3.8,-0.256250000000001,-0.256250000000001,-0.256250000000001,141.012,1.63,-36.012,2,NA
1581,"DeSean Jackson","TB","WR",31,9,11,112.5,112.5,112.5,NA,42,1,0,0,81,33.8,5.5,3.46941410190093,16,7.03125,-4.8,106,-4.8,-4.8,-0.318750000000001,-0.318750000000001,-0.318750000000001,101.04,4.12,4.95999999999999,4,NA
2543614,"Donte Moncrief","IND","WR",24,3,11,111.5,111.5,111.5,NA,43,5.59999999999999,0,0,66.4,29.3,7.1,3.98857319264573,16,6.96875,-5.8,107,-5.8,-5.8,-0.381250000000001,-0.381250000000001,-0.381250000000001,91.498,5.29,15.502,5,NA
2495893,"Brandon Marshall","NYG","WR",33,11,8,111.5,111.5,111.5,NA,43,2.5,0,0,74.1,32.6,7,3.95612574947418,16,6.96875,-5.8,107,-5.8,-5.8,-0.381250000000001,-0.381250000000001,-0.381250000000001,76.096,9.4133,30.904,9,NA
2540158,"Zach Ertz","PHI","TE",27,4,10,96.5,96.5,96.5,NA,11,4.59999999999999,0,0,104.4,10.7,2,3.38891124820765,16,6.03125,-6.36666666666667,109,-6.36666666666667,-6.36666666666667,-0.397916666666667,-0.397916666666667,-0.397916666666667,100.888,2.4367,8.11199999999999,3,NA
2543664,"Terrance West","BAL","RB",26,3,10,102,102,102,NA,38,0.349999999999994,0,0,137.6,46.4,7.6,5.09601996761471,16,6.375,-7.23333333333333,110,-7.23333333333333,-7.23333333333333,-0.610416666666667,-0.610416666666667,-0.610416666666667,134.336,0.9367,-24.336,1,NA
2506467,"Darren Sproles","PHI","RB",34,12,10,101.7,101.7,101.7,NA,39,0.850000000000009,0,0,152.6,50.7,8.1,5.35474043590992,16,6.35625,-7.53333333333333,111,-7.53333333333333,-7.53333333333333,-0.629166666666666,-0.629166666666666,-0.629166666666666,141.714,1.12,-30.714,2,NA
2543770,"Charles Sims","TB","RB",27,3,11,101.6,101.6,101.6,NA,40,1.65000000000001,0,0,175.4,58.3,6.8,4.68206721834239,16,6.35,-7.63333333333333,112,-7.63333333333333,-7.63333333333333,-0.635416666666666,-0.635416666666666,-0.635416666666666,166.4925,1.1133,-54.4925,2,NA
2506109,"Ben Roethlisberger","PIT","QB",35,13,9,260.8,260.8,260.8,NA,15,0.600000000000023,0,0,95.3,11.7,3.2,7.15375178305353,16,16.3,-8.58666666666664,113,-8.58666666666664,-8.58666666666664,-0.536666666666665,-0.536666666666665,-0.536666666666665,90.542,3.61,22.458,4,NA
2555260,"Dak Prescott","DAL","QB",24,1,6,260.66,260.66,260.66,NA,16,1.04999999999995,0,0,95.7,12.6,2.1,4.69465797506077,16,16.29125,-8.72666666666669,114,-8.72666666666669,-8.72666666666669,-0.545416666666668,-0.545416666666668,-0.545416666666668,71.618,7.34,42.382,7,NA
2557917,"Kareem Hunt","KC","RB",22,0,10,100.1,100.1,100.1,NA,41,0.849999999999994,0,0,114.6,40.9,8,5.30299634225088,16,6.25625,-9.13333333333334,115,-9.13333333333334,-9.13333333333334,-0.729166666666667,-0.729166666666667,-0.729166666666667,115.782,2.7667,-0.781999999999996,3,NA
100025,"Eagles","PHI","DST",NA,NA,10,112,112,112,NA,4,1,1,0,214.6,15.5,2.7,4.99469756926701,16,7,-9.33333333333333,116,-9.33333333333333,-9.33333333333333,-0.583333333333333,-0.583333333333333,-0.583333333333333,164.03,0.6633,-48.03,1,NA
2507164,"Adrian Peterson","NO","RB",32,10,5,99.8,99.8,99.8,NA,42,3,0,0,79.5,30.9,7.4,4.99253178029663,16,6.2375,-9.43333333333332,117,-9.43333333333332,-9.43333333333332,-0.747916666666666,-0.747916666666666,-0.747916666666666,74.28,14.0633,42.72,13,NA
2532956,"Ryan Tannehill","MIA","QB",29,5,11,259.74,259.74,259.74,NA,17,1.29999999999995,0,0,154,21.9,1.4,3.12978009724719,16,16.23375,-9.64666666666665,118,-9.64666666666665,-9.64666666666665,-0.602916666666665,-0.602916666666665,-0.602916666666665,147.304,2.1467,-29.304,2,NA
2532820,"Kirk Cousins","WAS","QB",29,5,5,259.48,259.48,259.48,NA,18,2.42999999999995,0,0,80.6,9,2.5,5.58887390523995,16,16.2175,-9.90666666666664,119,-9.90666666666664,-9.90666666666664,-0.619166666666665,-0.619166666666665,-0.619166666666665,77.958,4.8767,41.042,5,NA
100016,"Chiefs","KC","DST",NA,NA,10,111,111,111,NA,5,0.5,0,0,153.1,4.3,1.4,2.78888638434277,16,6.9375,-10.3333333333333,120,-10.3333333333333,-10.3333333333333,-0.645833333333333,-0.645833333333333,-0.645833333333333,110.1833,2.6533,9.8167,3,NA
100031,"Buccaneers","TB","DST",NA,NA,11,111,111,111,NA,5,1.5,1,0,240.5,18.4,4.5,8.0488976714698,16,6.9375,-10.3333333333333,120,-10.3333333333333,-10.3333333333333,-0.645833333333333,-0.645833333333333,-0.645833333333333,185.68,0.6667,-65.68,1,NA
2532838,"Coby Fleener","NO","TE",29,5,5,92.5,92.5,92.5,NA,12,2.14999999999999,0,0,142.3,16.4,4.2,4.51809911672052,16,5.78125,-10.3666666666667,122,-10.3666666666667,-10.3666666666667,-0.647916666666667,-0.647916666666667,-0.647916666666667,146.914,1.26,-24.914,2,NA
2552461,"Duke Johnson","CLE","RB",24,2,9,98.7,98.7,98.7,NA,43,4.45,0,0,130.9,46.1,6.8,4.68206721834239,16,6.16875,-10.5333333333333,123,-10.5333333333333,-10.5333333333333,-0.816666666666666,-0.816666666666666,-0.816666666666666,129.048,2.3233,-6.048,3,NA
2543828,"Quincy Enunwa","NYJ","WR",25,3,11,106.5,106.5,106.5,NA,45,1.59999999999999,0,0,126.7,48.1,9.1,4.63752205607673,16,6.65625,-10.8,124,-10.8,-10.8,-0.693750000000001,-0.693750000000001,-0.693750000000001,134.8175,1.06,-10.8175,1,NA
100004,"Panthers","CAR","DST",NA,NA,11,110,110,110,NA,7,2.5,0,0,180.8,8.7,1.4,2.78888638434277,16,6.875,-11.3333333333333,125,-11.3333333333333,-11.3333333333333,-0.708333333333333,-0.708333333333333,-0.708333333333333,145.7233,1.0467,-20.7233,1,NA
2540232,"Jack Doyle","IND","TE",27,4,11,91.3,91.3,91.3,NA,13,3.35000000000001,0,0,116.5,12.1,1.8,3.28625780561557,16,5.70625,-11.5666666666667,126,-11.5666666666667,-11.5666666666667,-0.722916666666666,-0.722916666666666,-0.722916666666666,130.14,2.0067,-4.13999999999999,2,NA
2506340,"Alex Smith","KC","QB",33,12,10,257.4,257.4,257.4,NA,19,3.80000000000001,0,0,179.4,24.8,1.6,3.57688806233678,16,16.0875,-11.9866666666666,127,-11.9866666666666,-11.9866666666666,-0.749166666666664,-0.749166666666664,-0.749166666666664,144.6,1.09,-17.6,1,NA
2539336,"Tavon Austin","LAR","WR",26,4,9,105.3,105.3,105.3,NA,46,2.24999999999999,0,0,207.8,72.8,9.2,4.66996949924828,16,6.58125,-12,128,-12,-12,-0.768750000000001,-0.768750000000001,-0.768750000000001,166.78,0.7733,-38.78,1,NA
100023,"Giants","NYG","DST",NA,NA,8,109,109,109,NA,8,3.5,0,0,185.8,9.6,2.9,5.33405313617843,16,6.8125,-12.3333333333333,129,-12.3333333333333,-12.3333333333333,-0.770833333333333,-0.770833333333333,-0.770833333333333,166.135,1.04,-37.135,1,NA
2555259,"Carson Wentz","PHI","QB",25,1,10,256.7,256.7,256.7,NA,20,6.62000000000006,0,0,137.7,19.4,1.7,3.80044204488158,16,16.04375,-12.6866666666666,130,-12.6866666666666,-12.6866666666666,-0.792916666666663,-0.792916666666663,-0.792916666666663,133.34,3.5,-3.34,4,NA
2553913,"Tyrell Williams","LAC","WR",NA,NA,8,104.5,104.5,104.5,NA,47,4.69999999999999,0,0,123.9,49.2,6.7,3.85878341995953,16,6.53125,-12.8,131,-12.8,-12.8,-0.818750000000001,-0.818750000000001,-0.818750000000001,134.885,1.7,-3.88499999999999,2,NA
2543466,"Eric Ebron","DET","TE",24,3,7,89.4,89.4,89.4,NA,14,2.90000000000001,0,0,110.9,11.1,2.1,3.44023796950369,16,5.5875,-13.4666666666667,132,-13.4666666666667,-13.4666666666667,-0.841666666666667,-0.841666666666667,-0.841666666666667,119.964,2.34,12.036,3,NA
2557936,"Joe Williams","SF","RB",24,0,11,94.9,94.9,94.9,NA,44,1.5,0,0,163.1,57.2,10.3,6.49311049640882,16,5.93125,-14.3333333333333,133,-14.3333333333333,-14.3333333333333,-1.05416666666667,-1.05416666666667,-1.05416666666667,150.3725,1.4833,-17.3725,2,NA
100030,"Seahawks","SEA","DST",NA,NA,6,106,106,106,NA,9,1.5,0,0,146.6,2.9,1.7,3.29791973470991,16,6.625,-15.3333333333333,134,-15.3333333333333,-15.3333333333333,-0.958333333333333,-0.958333333333333,-0.958333333333333,107.2533,2.5267,26.7467,3,NA
2543773,"James White","NE","RB",25,3,9,93.6,93.6,93.6,NA,45,0.400000000000006,0,0,135.5,45.8,7.6,5.09601996761471,16,5.85,-15.6333333333333,135,-15.6333333333333,-15.6333333333333,-1.13541666666667,-1.13541666666667,-1.13541666666667,120.38,1.4,14.62,2,NA
2535698,"Cole Beasley","DAL","WR",28,5,6,101.6,101.6,101.6,NA,48,3.85000000000001,0,0,192.9,68.9,7.1,3.98857319264573,16,6.35,-15.7,136,-15.7,-15.7,-1,-1,-1,162.116,0.9033,-26.116,1,NA
2541161,"Latavius Murray","MIN","RB",27,4,9,93.2,93.2,93.2,NA,46,2.60000000000001,0,0,117.5,43.1,7.1,4.83729949931951,16,5.825,-16.0333333333333,137,-16.0333333333333,-16.0333333333333,-1.16041666666667,-1.16041666666667,-1.16041666666667,102.148,4.5267,34.852,5,NA
2540011,"Chris Thompson","WAS","RB",27,4,5,93.2,93.2,93.2,NA,46,1.05,0,0,181.5,60.6,11,6.8553191520221,16,5.825,-16.0333333333333,137,-16.0333333333333,-16.0333333333333,-1.16041666666667,-1.16041666666667,-1.16041666666667,160.8525,0.63,-23.8525,1,NA
100019,"Dolphins","MIA","DST",NA,NA,11,105,105,105,NA,10,1.5,0,0,236.1,19.7,2.9,5.33405313617843,16,6.5625,-16.3333333333333,139,-16.3333333333333,-16.3333333333333,-1.02083333333333,-1.02083333333333,-1.02083333333333,182.64,0.5533,-43.64,1,NA
2505629,"Jason Witten","DAL","TE",35,14,6,86.5,86.5,86.5,NA,15,4.75,0,0,153.9,17.6,2.6,3.69687157598389,16,5.40625,-16.3666666666667,140,-16.3666666666667,-16.3666666666667,-1.02291666666667,-1.02291666666667,-1.02291666666667,136.395,1.3067,3.60499999999999,2,NA
71265,"Jared Cook","OAK","TE",30,8,10,86.5,86.5,86.5,NA,15,2,0,0,190.3,23.3,3.6,4.21013878894428,16,5.40625,-16.3666666666667,140,-16.3666666666667,-16.3666666666667,-1.02291666666667,-1.02291666666667,-1.02291666666667,162.47,0.7867,-22.47,1,NA
100013,"Texans","HOU","DST",NA,NA,7,104,104,104,NA,11,1,0,0,147.2,2.5,0.8,1.77081968360851,16,6.5,-17.3333333333333,142,-17.3333333333333,-17.3333333333333,-1.08333333333333,-1.08333333333333,-1.08333333333333,114.5767,2.08,27.4233,2,NA
2495473,"Shane Vereen","NYG","RB",28,6,8,91.1,91.1,91.1,NA,48,2.94999999999999,0,0,191.7,62.3,11.1,6.90706324568115,16,5.69375,-18.1333333333333,143,-18.1333333333333,-18.1333333333333,-1.29166666666667,-1.29166666666667,-1.29166666666667,173.2875,0.5867,-30.2875,1,NA
100003,"Bills","BUF","DST",NA,NA,6,103,103,103,NA,12,0.5,0,0,229.2,19.9,3.3,6.01276427000127,16,6.4375,-18.3333333333333,144,-18.3333333333333,-18.3333333333333,-1.14583333333333,-1.14583333333333,-1.14583333333333,176.7833,0.5267,-32.7833,1,NA
100027,"Steelers","PIT","DST",NA,NA,9,103,103,103,NA,12,1,0,0,204.2,12.9,2.4,4.48566421889988,16,6.4375,-18.3333333333333,144,-18.3333333333333,-18.3333333333333,-1.14583333333333,-1.14583333333333,-1.14583333333333,155.41,0.65,-11.41,1,NA
2543477,"Blake Bortles","JAC","QB",26,3,8,250.5,250.5,250.5,NA,21,3.12,0,0,136.2,20.4,1.1,2.4591181496128,16,15.65625,-18.8866666666667,146,-18.8866666666667,-18.8866666666667,-1.18041666666667,-1.18041666666667,-1.18041666666667,134.88,1.6733,11.12,2,NA
4327,"Danny Woodhead","BAL","RB",32,9,10,90.1,90.1,90.1,NA,49,5.44999999999999,0,0,91.3,34.7,7.6,5.09601996761471,16,5.63125,-19.1333333333333,147,-19.1333333333333,-19.1333333333333,-1.35416666666667,-1.35416666666667,-1.35416666666667,81.97,4.1433,65.03,4,NA
2540202,"Kenny Stills","MIA","WR",25,4,11,98,98,98,NA,49,1.40000000000001,0,0,161.9,59.5,8.1,4.31304762436123,16,6.125,-19.3,148,-19.3,-19.3,-1.225,-1.225,-1.225,160.02,0.7833,-12.02,1,NA
100011,"Packers","GB","DST",NA,NA,8,102,102,102,NA,14,1,0,0,216.9,16,3.1,5.67340870308985,16,6.375,-19.3333333333333,149,-19.3333333333333,-19.3333333333333,-1.20833333333333,-1.20833333333333,-1.20833333333333,183.94,0.61,-34.94,1,NA
100028,"Chargers","LAR","DST",NA,NA,9,102,102,102,NA,14,2.5,0,0,233,18.7,4,7.20050875419124,16,6.375,-19.3333333333333,149,-19.3333333333333,-19.3333333333333,-1.20833333333333,-1.20833333333333,-1.20833333333333,186.8,0.88,-37.8,1,NA
2505996,"Eli Manning","NYG","QB",36,13,8,249.66,249.66,249.66,NA,22,5.80999999999997,0,0,118.8,16.8,1.6,3.57688806233678,16,15.60375,-19.7266666666667,151,-19.7266666666667,-19.7266666666667,-1.23291666666667,-1.23291666666667,-1.23291666666667,128.176,2.2267,22.824,3,NA
2507166,"Ted Ginn","NO","WR",32,10,5,97.5,97.5,97.5,NA,50,2,0,0,153,57,7.9,4.24815273801813,16,6.09375,-19.8,152,-19.8,-19.8,-1.25625,-1.25625,-1.25625,153.224,1.2,-1.22399999999999,2,NA
2495353,"Julius Thomas","MIA","TE",29,6,11,82.5,82.5,82.5,NA,17,2.75,0,0,159.5,18.8,3.5,4.15881206764824,16,5.15625,-20.3666666666667,153,-20.3666666666667,-20.3666666666667,-1.27291666666667,-1.27291666666667,-1.27291666666667,148.812,1.5033,4.18799999999999,2,NA
100008,"Cowboys","DAL","DST",NA,NA,6,100,100,100,NA,16,1,0,0,299.5,23.6,3.2,5.84308648654556,16,6.25,-21.3333333333333,154,-21.3333333333333,-21.3333333333333,-1.33333333333333,-1.33333333333333,-1.33333333333333,158.74,0.64,-4.74000000000001,1,NA
2540169,"Robert Woods","LAR","WR",25,4,9,95.7,95.7,95.7,NA,51,1.95,0,0,163.4,60,9.2,4.66996949924828,16,5.98125,-21.6,155,-21.6,-21.6,-1.36875,-1.36875,-1.36875,156.8525,1.2067,-1.85249999999999,2,NA
2557986,"David Njoku","CLE","TE",21,0,9,81,81,81,NA,18,2.5,0,0,174.7,22.4,4.1,4.46677239542448,16,5.0625,-21.8666666666667,156,-21.8666666666667,-21.8666666666667,-1.36666666666667,-1.36666666666667,-1.36666666666667,143.542,2.1733,12.458,2,NA
2543500,"Jordan Matthews","PHI","WR",25,3,10,95.3,95.3,95.3,NA,52,3.39999999999999,0,0,111.8,45.9,5.3,3.40451921555783,16,5.95625,-22,157,-22,-22,-1.39375,-1.39375,-1.39375,121.562,4.21,35.438,4,NA
100001,"Falcons","ATL","DST",NA,NA,5,99,99,99,NA,17,0,0,0,230.3,19.3,3.7,6.69147540382411,16,6.1875,-22.3333333333333,158,-22.3333333333333,-22.3333333333333,-1.39583333333333,-1.39583333333333,-1.39583333333333,159.68,0.77,-1.68000000000001,1,NA
100002,"Ravens","BAL","DST",NA,NA,10,99,99,99,NA,17,0.5,0,0,198,11.8,2,3.80695308507704,16,6.1875,-22.3333333333333,158,-22.3333333333333,-22.3333333333333,-1.39583333333333,-1.39583333333333,-1.39583333333333,166.0467,0.7467,-8.04669999999999,1,NA
100018,"Raiders","OAK","DST",NA,NA,10,99,99,99,NA,17,2,0,0,207.9,15.6,2.2,4.14630865198846,16,6.1875,-22.3333333333333,158,-22.3333333333333,-22.3333333333333,-1.39583333333333,-1.39583333333333,-1.39583333333333,190.4967,0.83,-32.4967,1,NA
2558138,"Samaje Perine","WAS","RB",22,0,5,86.2,86.2,86.2,NA,50,4.3,0,0,98.8,36.9,7.8,5.1995081549328,16,5.3875,-23.0333333333333,161,-23.0333333333333,-23.0333333333333,-1.59791666666667,-1.59791666666667,-1.59791666666667,100.89,2.77,60.11,3,NA
100017,"Rams","LAC","DST",NA,NA,8,98,98,98,NA,20,2.5,0,0,188.5,11.1,3.4,6.18244205345698,16,6.125,-23.3333333333333,162,-23.3333333333333,-23.3333333333333,-1.45833333333333,-1.45833333333333,-1.45833333333333,181.77,0.34,-19.77,1,NA
2505245,"Carson Palmer","ARI","QB",38,14,8,245.1,245.1,245.1,NA,23,9.91999999999999,0,0,141.6,20.8,1.4,3.12978009724719,16,15.31875,-24.2866666666667,163,-24.2866666666667,-24.2866666666667,-1.51791666666667,-1.51791666666667,-1.51791666666667,139.56,3.12,23.44,3,NA
2495139,"Charles Clay","BUF","TE",28,6,6,78.5,78.5,78.5,NA,19,0,0,0,204.5,26,3.3,4.05615862505616,16,4.90625,-24.3666666666667,164,-24.3666666666667,-24.3666666666667,-1.52291666666667,-1.52291666666667,-1.52291666666667,156.66,0.7567,7.34,1,NA
2505299,"Antonio Gates","LAC","TE",37,14,8,78.5,78.5,78.5,NA,19,1.45,0,0,159.4,18.4,3.4,4.1074853463522,16,4.90625,-24.3666666666667,164,-24.3666666666667,-24.3666666666667,-1.52291666666667,-1.52291666666667,-1.52291666666667,164.3225,1.39,-0.322499999999991,2,NA
2550656,"Cameron Brate","TB","TE",26,3,11,78.5,78.5,78.5,NA,19,3.09999999999999,0,0,154.6,18.3,3.8,4.31279223153636,16,4.90625,-24.3666666666667,164,-24.3666666666667,-24.3666666666667,-1.52291666666667,-1.52291666666667,-1.52291666666667,150.8725,0.9767,13.1275,1,NA
2543847,"John Brown","ARI","WR",27,3,8,92.2,92.2,92.2,NA,53,0.649999999999991,0,0,120,47.2,9.9,4.89710160144913,16,5.7625,-25.1,167,-25.1,-25.1,-1.5875,-1.5875,-1.5875,131.032,2.7233,35.968,3,NA
100020,"Vikings","MIN","DST",NA,NA,9,96,96,96,NA,21,1,0,0,163.3,5.8,1.6,3.1282419512542,16,6,-25.3333333333333,168,-25.3333333333333,-25.3333333333333,-1.58333333333333,-1.58333333333333,-1.58333333333333,122.79,1.83,45.21,2,NA
2552430,"Tyler Lockett","SEA","WR",25,2,6,91.6,91.6,91.6,NA,54,0.100000000000009,0,0,150,58.1,5,3.30717688604318,16,5.725,-25.7,169,-25.7,-25.7,-1.625,-1.625,-1.625,159.416,1.0833,9.584,1,NA
2555333,"Corey Coleman","CLE","WR",23,1,9,91.5,91.5,91.5,NA,55,2.94999999999999,0,0,109.5,44.5,5.5,3.46941410190093,16,5.71875,-25.8,170,-25.8,-25.8,-1.63125,-1.63125,-1.63125,121.556,3.9933,48.444,4,NA
2550353,"Allen Hurns","JAC","WR",26,3,8,91.5,91.5,91.5,NA,55,1.44999999999999,0,0,180.2,65.9,8.6,4.47528484021898,16,5.71875,-25.8,170,-25.8,-25.8,-1.63125,-1.63125,-1.63125,166.77,0.85,3.22999999999999,1,NA
2555464,"DeAndre Washington","OAK","RB",24,1,10,83.1,83.1,83.1,NA,51,2.69999999999999,0,0,198.5,64.1,7.9,5.25125224859184,16,5.19375,-26.1333333333333,172,-26.1333333333333,-26.1333333333333,-1.79166666666667,-1.79166666666667,-1.79166666666667,166.645,0.6967,5.35499999999999,1,NA
100006,"Bengals","CIN","DST",NA,NA,6,95,95,95,NA,22,0.5,0,0,213.4,15.8,3.5,6.35211983691269,16,5.9375,-26.3333333333333,173,-26.3333333333333,-26.3333333333333,-1.64583333333333,-1.64583333333333,-1.64583333333333,184.3367,0.9367,-11.3367,1,NA
100012,"Titans","TEN","DST",NA,NA,8,95,95,95,NA,22,2,0,0,237.7,21.2,4,7.20050875419124,16,5.9375,-26.3333333333333,173,-26.3333333333333,-26.3333333333333,-1.64583333333333,-1.64583333333333,-1.64583333333333,153.065,0.57,19.935,1,NA
382,"Joe Flacco","BAL","QB",32,9,10,242.6,242.6,242.6,NA,24,37.5700000000001,0,0,165.3,22.8,1.3,2.90622611470239,16,15.1625,-26.7866666666666,175,-26.7866666666666,-26.7866666666666,-1.67416666666666,-1.67416666666666,-1.67416666666666,147.766,1.3533,27.234,2,NA
2550405,"Erik Swoope","IND","TE",25,3,11,75.6,75.6,75.6,NA,22,0.399999999999991,0,0,238.4,34,3.2,4.00483190376012,16,4.725,-27.2666666666667,176,-27.2666666666667,-27.2666666666667,-1.70416666666667,-1.70416666666667,-1.70416666666667,182.6767,0.6733,-6.67670000000001,1,NA
100014,"Colts","IND","DST",NA,NA,11,94,94,94,NA,24,9.5,0,0,NA,27.6,2.4,4.48566421889988,16,5.875,-27.3333333333333,177,-27.3333333333333,-27.3333333333333,-1.70833333333333,-1.70833333333333,-1.70833333333333,160.32,0.9667,16.68,1,NA
238457,"Zach Miller","CHI","TE",33,8,9,75.2,75.2,75.2,NA,23,2.3,0,0,180.8,23,4.3,4.56942583801656,16,4.7,-27.6666666666667,178,-27.6666666666667,-27.6666666666667,-1.72916666666667,-1.72916666666667,-1.72916666666667,176.3525,0.5467,1.64750000000001,1,NA
2543721,"C.J. Fiedorowicz","HOU","TE",26,3,7,75.2,75.2,75.2,NA,23,7.3,0,0,154.2,18.6,3.4,4.1074853463522,16,4.7,-27.6666666666667,178,-27.6666666666667,-27.6666666666667,-1.72916666666667,-1.72916666666667,-1.72916666666667,156.3275,0.7967,21.6725,1,NA
2555223,"Devontae Booker","DEN","RB",25,1,5,80.7,80.7,80.7,NA,52,3.05,0,0,205.9,65.4,7.8,5.1995081549328,16,5.04375,-28.5333333333333,180,-28.5333333333333,-28.5333333333333,-1.94166666666667,-1.94166666666667,-1.94166666666667,169.395,0.8367,10.605,1,NA
2556462,"Robby Anderson","NYJ","WR",24,1,11,88.6,88.6,88.6,NA,57,2.95,0,0,196.5,74.1,10.8,5.18912858999308,16,5.5375,-28.7,181,-28.7,-28.7,-1.8125,-1.8125,-1.8125,184.1767,0.5833,-3.17670000000001,1,NA
2555346,"Will Fuller","HOU","WR",23,1,7,88.5,88.5,88.5,NA,58,5.84999999999999,0,0,170.7,64.4,7.1,3.98857319264573,16,5.53125,-28.8,182,-28.8,-28.8,-1.81875,-1.81875,-1.81875,156.6067,2.03,25.3933,2,NA
2558204,"Jamaal Williams","GB","RB",NA,0,8,80.1,80.1,80.1,NA,53,4.94999999999999,0,0,146.9,54.5,10.3,6.49311049640882,16,5.00625,-29.1333333333333,183,-29.1333333333333,-29.1333333333333,-1.97916666666667,-1.97916666666667,-1.97916666666667,146.47,1.1933,36.53,2,NA
100032,"Redskins","WAS","DST",NA,NA,5,92,92,92,NA,25,16,0,0,278.8,25.8,2.5,4.65534200235559,16,5.75,-29.3333333333333,184,-29.3333333333333,-29.3333333333333,-1.83333333333333,-1.83333333333333,-1.83333333333333,159.985,0.6033,24.015,1,NA
497238,"Jermaine Gresham","ARI","TE",29,7,8,70.6,70.6,70.6,NA,25,8.39999999999999,0,0,234.3,32.6,5.6,5.23667321486507,16,4.4125,-32.2666666666667,185,-32.2666666666667,-32.2666666666667,-2.01666666666667,-2.01666666666667,-2.01666666666667,191.9125,0.8667,-6.91249999999999,1,NA
2543603,"Jeremy Hill","CIN","RB",25,3,6,75.2,75.2,75.2,NA,54,0.700000000000003,0,0,137.5,48.5,7.6,5.09601996761471,16,4.7,-34.0333333333333,186,-34.0333333333333,-34.0333333333333,-2.28541666666667,-2.28541666666667,-2.28541666666667,139.238,5.15,46.762,5,NA
2495469,"Dion Lewis","NE","RB",27,6,9,75.1,75.1,75.1,NA,55,2.99999999999999,0,0,156.6,54.1,6.5,4.52683493736527,16,4.69375,-34.1333333333333,187,-34.1333333333333,-34.1333333333333,-2.29166666666667,-2.29166666666667,-2.29166666666667,154.84,0.7733,32.16,1,NA
2557848,"Corey Davis","TEN","WR",22,0,8,82.8,82.8,82.8,NA,59,1.85000000000001,0,0,108.7,46.3,10,4.92954904462068,16,5.175,-34.5,188,-34.5,-34.5,-2.175,-2.175,-2.175,105.336,5.93,82.664,6,NA
2533040,"Mohamed Sanu","ATL","WR",28,5,5,82.5,82.5,82.5,NA,60,3.55,0,0,196.2,71.6,7.7,4.18325785167503,16,5.15625,-34.8,189,-34.8,-34.8,-2.19375,-2.19375,-2.19375,167.962,0.73,21.038,1,NA
2555227,"Jonathan Williams","BUF","RB",23,1,6,73.9,73.9,73.9,NA,56,3.65000000000001,0,0,194,62.4,11.4,7.06229552665827,16,4.61875,-35.3333333333333,190,-35.3333333333333,-35.3333333333333,-2.36666666666667,-2.36666666666667,-2.36666666666667,160.5775,0.7467,29.4225,1,NA
2533046,"Dwayne Allen","NE","TE",27,5,9,65.2,65.2,65.2,NA,26,7.85,0,0,195.1,25.5,4.8,4.82605944449675,16,4.075,-37.6666666666667,191,-37.6666666666667,-37.6666666666667,-2.35416666666667,-2.35416666666667,-2.35416666666667,165.39,0.9633,25.61,1,NA
2552656,"J.J. Nelson","ARI","WR",25,2,8,79.4,79.4,79.4,NA,61,1.40000000000001,0,0,167.8,62.7,7.2,4.02102063581728,16,4.9625,-37.9,192,-37.9,-37.9,-2.3875,-2.3875,-2.3875,166.8775,0.6233,25.1225,1,NA
2552652,"Chris Conley","KC","WR",25,2,10,78.5,78.5,78.5,NA,62,1.5,0,0,216,78.3,11,5.25402347633618,16,4.90625,-38.8,193,-38.8,-38.8,-2.44375,-2.44375,-2.44375,171.3367,0.305,21.6633,1,NA
2535708,"Lance Dunbar","LAR","RB",27,5,9,70.3,70.3,70.3,NA,57,0.300000000000011,0,0,243.4,77.7,7.1,4.83729949931951,16,4.39375,-38.9333333333333,194,-38.9333333333333,-38.9333333333333,-2.59166666666667,-2.59166666666667,-2.59166666666667,200.55,0.4667,-6.55000000000001,1,NA
2540156,"Giovani Bernard","CIN","RB",26,4,6,70.2,70.2,70.2,NA,58,1.50000000000001,0,0,142.4,50,6.3,4.42334675004718,16,4.3875,-39.0333333333333,195,-39.0333333333333,-39.0333333333333,-2.59791666666667,-2.59791666666667,-2.59791666666667,148.2025,4.06,46.7975,4,NA
2553733,"Thomas Rawls","SEA","RB",24,2,6,69.8,69.8,69.8,NA,59,2.64999999999999,0,0,134.6,48.7,9.7,6.18264593445457,16,4.3625,-39.4333333333333,196,-39.4333333333333,-39.4333333333333,-2.62291666666667,-2.62291666666667,-2.62291666666667,138.62,2.5667,57.38,3,NA
2553432,"Kevin White","CHI","WR",24,2,9,77.5,77.5,77.5,NA,63,1.5,0,0,156.4,61.5,10.6,5.12423370364997,16,4.84375,-39.8,197,-39.8,-39.8,-2.50625,-2.50625,-2.50625,143.0175,1.9367,53.9825,2,NA
2532790,"Travis Benjamin","LAC","WR",28,5,8,76.5,76.5,76.5,NA,64,2.5,0,0,235.8,90.1,13,5.90297233976717,16,4.78125,-40.8,198,-40.8,-40.8,-2.56875,-2.56875,-2.56875,198.9867,0.5767,-0.986700000000013,1,NA
497095,"Sam Bradford","MIN","QB",30,7,9,227.76,227.76,227.76,NA,25,46.76,0,0,185.1,25,1.6,3.57688806233678,16,14.235,-41.6266666666667,199,-41.6266666666667,-41.6266666666667,-2.60166666666667,-2.60166666666667,-2.60166666666667,156.168,1.1267,42.832,2,NA
2495471,"Jacquizz Rodgers","TB","RB",27,6,11,67.6,67.6,67.6,NA,60,1.14999999999999,0,0,167.7,56.9,7.2,4.88904359297855,16,4.225,-41.6333333333333,200,-41.6333333333333,-41.6333333333333,-2.76041666666667,-2.76041666666667,-2.76041666666667,153.0825,0.95,46.9175,1,NA
2550617,"Taylor Gabriel","ATL","WR",26,3,5,75.5,75.5,75.5,NA,65,3,0,0,175.9,65.7,7.3,4.05346807898883,16,4.71875,-41.8,201,-41.8,-41.8,-2.63125,-2.63125,-2.63125,152.536,0.8,48.464,1,NA
2557994,"DOnta Foreman","HOU","RB",21,0,7,66.7,66.7,66.7,NA,61,0.600000000000009,0,0,184.3,62.4,9.6,6.13090184079553,16,4.16875,-42.5333333333333,202,-42.5333333333333,-42.5333333333333,-2.81666666666667,-2.81666666666667,-2.81666666666667,156.2133,1.4367,45.7867,2,NA
925,"Jamaal Charles","DEN","RB",31,9,5,66.2,66.2,66.2,NA,62,1.2,0,0,131.5,47,6.5,4.52683493736527,16,4.1375,-43.0333333333333,203,-43.0333333333333,-43.0333333333333,-2.84791666666667,-2.84791666666667,-2.84791666666667,132.538,10.76,70.462,10,NA
2555417,"C.J. Prosise","SEA","RB",23,1,6,66,66,66,NA,63,3.45,0,0,110,41.2,5.4,3.95764990711582,16,4.125,-43.2333333333333,204,-43.2333333333333,-43.2333333333333,-2.86041666666667,-2.86041666666667,-2.86041666666667,114.146,2.67,89.854,3,NA
2557858,"Evan Engram","NYG","TE",23,0,8,59.2,59.2,59.2,NA,27,4.65000000000001,0,0,196.2,25.5,4.4,4.6207525593126,16,3.7,-43.6666666666667,205,-43.6666666666667,-43.6666666666667,-2.72916666666667,-2.72916666666667,-2.72916666666667,147.892,2.34,57.108,3,NA
100010,"Lions","DET","DST",NA,NA,7,77,77,77,NA,26,5.5,0,0,249.8,24.3,3.8,6.86115318727982,16,4.8125,-44.3333333333333,206,-44.3333333333333,-44.3333333333333,-2.77083333333333,-2.77083333333333,-2.77083333333333,160.24,0.6,45.76,1,NA
2552597,"Breshad Perriman","BAL","WR",24,2,10,72.5,72.5,72.5,NA,66,1.95,0,0,145.5,57.2,7.2,4.02102063581728,16,4.53125,-44.8,207,-44.8,-44.8,-2.81875,-2.81875,-2.81875,145.5325,1.68,61.4675,2,NA
2532887,"Jermaine Kearse","SEA","WR",27,5,6,72.5,72.5,72.5,NA,66,0.950000000000003,0,0,259.8,98.3,9.2,4.66996949924828,16,4.53125,-44.8,207,-44.8,-44.8,-2.81875,-2.81875,-2.81875,224.93,0.5,-17.93,1,NA
284,"Darren McFadden","DAL","RB",30,9,6,64,64,64,NA,64,3.05,0,0,227.3,73.6,7.3,4.94078768663759,16,4,-45.2333333333333,209,-45.2333333333333,-45.2333333333333,-2.98541666666667,-2.98541666666667,-2.98541666666667,190.49,0.5233,18.51,1,NA
100022,"Saints","NO","DST",NA,NA,5,75,75,75,NA,27,7.5,0,0,258.3,29.4,1.5,2.95856416779848,16,4.6875,-46.3333333333333,210,-46.3333333333333,-46.3333333333333,-2.89583333333333,-2.89583333333333,-2.89583333333333,160.335,1.4933,49.665,2,NA
2552458,"Devin Funchess","CAR","WR",23,2,11,70.6,70.6,70.6,NA,68,1.3,0,0,200.2,74.3,10.6,5.12423370364997,16,4.4125,-46.7,211,-46.7,-46.7,-2.9375,-2.9375,-2.9375,175.3525,0.91,35.6475,1,NA
2495459,"Torrey Smith","PHI","WR",28,6,10,70.5,70.5,70.5,NA,69,3.34999999999999,0,0,210.9,76.2,6.8,3.89123086313108,16,4.40625,-46.8,212,-46.8,-46.8,-2.94375,-2.94375,-2.94375,191.32,0.81,20.68,1,NA
2555415,"Austin Hooper","ATL","TE",NA,1,5,55.5,55.5,55.5,NA,28,2.4,0,0,171.8,20,4.1,4.46677239542448,16,3.46875,-47.3666666666667,213,-47.3666666666667,-47.3666666666667,-2.96041666666667,-2.96041666666667,-2.96041666666667,141.356,1.1833,71.644,2,NA
2553631,"Zach Zenner","DET","RB",NA,NA,7,61.1,61.1,61.1,NA,65,1.15,0,0,220.2,72.5,9.7,6.18264593445457,16,3.81875,-48.1333333333333,214,-48.1333333333333,-48.1333333333333,-3.16666666666667,-3.16666666666667,-3.16666666666667,198.65,0.5567,15.35,1,NA
2543715,"Jerick McKinnon","MIN","RB",25,3,9,60.8,60.8,60.8,NA,66,1.95,0,0,190.9,62.8,7.2,4.88904359297855,16,3.8,-48.4333333333333,215,-48.4333333333333,-48.4333333333333,-3.18541666666667,-3.18541666666667,-3.18541666666667,189.4233,0.6567,25.5767,1,NA
2557863,"Zay Jones","BUF","WR",22,0,6,68.1,68.1,68.1,NA,70,2.39999999999999,0,0,169.1,63.9,6.8,3.89123086313108,16,4.25625,-49.2,216,-49.2,-49.2,-3.09375,-3.09375,-3.09375,148.03,1.9467,67.97,2,NA
2550521,"Xavier Grimble","PIT","TE",25,3,9,53.6,53.6,53.6,NA,29,1.65,0,0,307.3,47.4,4,4.41544567412844,16,3.35,-49.2666666666667,217,-49.2666666666667,-49.2666666666667,-3.07916666666667,-3.07916666666667,-3.07916666666667,202.7267,0.47,14.2733,1,NA
2533460,"Robert Turbin","IND","RB",28,5,11,59.1,59.1,59.1,NA,67,0.600000000000001,0,0,224,72.9,11.7,7.21752780763539,16,3.69375,-50.1333333333333,218,-50.1333333333333,-50.1333333333333,-3.29166666666667,-3.29166666666667,-3.29166666666667,189.2725,0.4833,28.7275,1,NA
2557856,"O.J. Howard","TB","TE",23,0,11,52.6,52.6,52.6,NA,30,1.7,0,0,164,20.9,4.9,4.8773861657928,16,3.2875,-50.2666666666667,219,-50.2666666666667,-50.2666666666667,-3.14166666666667,-3.14166666666667,-3.14166666666667,120.426,3.59,98.574,4,NA
2552379,"Jeremy Langford","CHI","RB",26,2,9,58.6,58.6,58.6,NA,68,0.350000000000001,0,0,231,76.4,11,6.8553191520221,16,3.6625,-50.6333333333333,220,-50.6333333333333,-50.6333333333333,-3.32291666666667,-3.32291666666667,-3.32291666666667,201.3433,1.02,18.6567,1,NA
2555461,"Wendell Smallwood","PHI","RB",23,1,10,58.4,58.4,58.4,NA,69,0.299999999999997,0,0,218.4,71.9,11.7,7.21752780763539,16,3.65,-50.8333333333333,221,-50.8333333333333,-50.8333333333333,-3.33541666666667,-3.33541666666667,-3.33541666666667,190.6367,0.62,30.3633,1,NA
2553737,"Eli Rogers","PIT","WR",NA,NA,9,66.2,66.2,66.2,NA,71,1.89999999999999,0,0,218.8,79.1,8.8,4.54017972656208,16,4.1375,-51.1,222,-51.1,-51.1,-3.2125,-3.2125,-3.2125,198.0833,0.36,23.9167,1,NA
2552471,"T.J. Yeldon","JAC","RB",24,2,8,58.1,58.1,58.1,NA,70,0.0500000000000043,0,0,197.8,64.7,8.5,5.56171681054608,16,3.63125,-51.1333333333333,223,-51.1333333333333,-51.1333333333333,-3.35416666666667,-3.35416666666667,-3.35416666666667,177.6933,0.8767,45.3067,1,NA
2556885,"Jalen Richard","OAK","RB",24,1,10,58.1,58.1,58.1,NA,70,3.25,0,0,197.5,64,7.3,4.94078768663759,16,3.63125,-51.1333333333333,223,-51.1333333333333,-51.1333333333333,-3.35416666666667,-3.35416666666667,-3.35416666666667,177.044,0.75,45.956,1,NA
2539217,"Andre Ellington","ARI","RB",28,4,8,58,58,58,NA,72,7.55,0,0,248.4,82.1,9.2,5.92392546615937,16,3.625,-51.2333333333333,225,-51.2333333333333,-51.2333333333333,-3.36041666666667,-3.36041666666667,-3.36041666666667,204.3233,0.5233,20.6767,1,NA
2495826,"Vernon Davis","WAS","TE",33,11,5,51.3,51.3,51.3,NA,31,1.1,0,0,265.5,34,4.1,4.46677239542448,16,3.20625,-51.5666666666667,226,-51.5666666666667,-51.5666666666667,-3.22291666666667,-3.22291666666667,-3.22291666666667,188.14,0.5067,37.86,1,NA
2555295,"Sterling Shepard","NYG","WR",NA,1,8,65.2,65.2,65.2,NA,72,2.2,0,0,152.5,59.1,6.1,3.66409876093023,16,4.075,-52.1,227,-52.1,-52.1,-3.275,-3.275,-3.275,146.26,2.71,80.74,3,NA
2557885,"Jordan Leggett","NYJ","TE",22,0,11,50.5,50.5,50.5,NA,32,0.849999999999994,0,0,271.5,42.3,7.5,6.21188091948982,16,3.15625,-52.3666666666667,228,-52.3666666666667,-52.3666666666667,-3.27291666666667,-3.27291666666667,-3.27291666666667,220.34,0.62,7.66,1,NA
2552633,"Jesse James","PIT","TE",23,2,9,49.9,49.9,49.9,NA,33,0.950000000000003,0,0,207.7,28.2,5.7,5.28799993616111,16,3.11875,-52.9666666666667,229,-52.9666666666667,-52.9666666666667,-3.31041666666667,-3.31041666666667,-3.31041666666667,171.5333,0.7233,57.4667,1,NA
100005,"Bears","CHI","DST",NA,NA,9,68,68,68,NA,28,2.5,0,0,247.5,27.3,2.2,4.14630865198846,16,4.25,-53.3333333333333,230,-53.3333333333333,-53.3333333333333,-3.33333333333333,-3.33333333333333,-3.33333333333333,160.26,0.5733,69.74,1,NA
2550284,"Trey Burton","PHI","TE",26,3,10,49.4,49.4,49.4,NA,34,1.90000000000001,0,0,320,48.3,5.1,4.98003960838487,16,3.0875,-53.4666666666667,231,-53.4666666666667,-53.4666666666667,-3.34166666666667,-3.34166666666667,-3.34166666666667,160.48,0.275,70.52,1,NA
497302,"Brandon LaFell","CIN","WR",31,7,6,63.4,63.4,63.4,NA,73,2.40000000000001,0,0,231.9,85.6,13.9,6.19499932831112,16,3.9625,-53.9,232,-53.9,-53.9,-3.3875,-3.3875,-3.3875,201.6233,0.5967,30.3767,1,NA
100015,"Jaguars","JAC","DST",NA,NA,8,67,67,67,NA,29,4,0,0,194.6,12.9,4.2,7.53986432110267,16,4.1875,-54.3333333333333,233,-54.3333333333333,-54.3333333333333,-3.39583333333333,-3.39583333333333,-3.39583333333333,160.4733,1.2367,72.5267,2,NA
2555364,"Tyler Higbee","LAR","TE",24,1,9,48.5,48.5,48.5,NA,35,2.59999999999999,0,0,228.7,30.5,5,4.92871288708883,16,3.03125,-54.3666666666667,234,-54.3666666666667,-54.3666666666667,-3.39791666666667,-3.39791666666667,-3.39791666666667,180.19,0.8725,53.81,1,NA
2552424,"Phillip Dorsett","IND","WR",24,2,11,62.6,62.6,62.6,NA,74,4.6,0,0,234.5,92.1,8.6,4.47528484021898,16,3.9125,-54.7,235,-54.7,-54.7,-3.4375,-3.4375,-3.4375,196.3833,0.55,38.6167,1,NA
2495288,"Virgil Green","DEN","TE",29,6,5,46.5,46.5,46.5,NA,36,1.59999999999999,0,0,277.5,43.1,7.3,6.10922747689774,16,2.90625,-56.3666666666667,236,-56.3666666666667,-56.3666666666667,-3.52291666666667,-3.52291666666667,-3.52291666666667,160.45,0.155,75.55,1,NA
100029,"49ers","SF","DST",NA,NA,11,64,64,64,NA,30,3,0,0,NA,30.8,1.1,2.27985303397564,16,4,-57.3333333333333,237,-57.3333333333333,-57.3333333333333,-3.58333333333333,-3.58333333333333,-3.58333333333333,159.9,0.6933,77.1,1,NA
2557978,"James Conner","PIT","RB",22,0,9,51.7,51.7,51.7,NA,73,3.8,0,0,216,72.3,9.4,6.02741365347745,16,3.23125,-57.5333333333333,238,-57.5333333333333,-57.5333333333333,-3.75416666666667,-3.75416666666667,-3.75416666666667,163.345,1.2033,74.655,2,NA
2557889,"Gerald Everett","LAR","TE",23,0,9,45.3,45.3,45.3,NA,37,1.00000000000001,0,0,181,35.8,5.7,5.28799993616111,16,2.83125,-57.5666666666667,239,-57.5666666666667,-57.5666666666667,-3.59791666666667,-3.59791666666667,-3.59791666666667,168.7033,0.9433,70.2967,1,NA
2550597,"Seth Roberts","OAK","WR",NA,NA,10,59.4,59.4,59.4,NA,75,2.8,0,0,259.9,96.8,10.3,5.02689137413533,16,3.7125,-57.9,240,-57.9,-57.9,-3.6375,-3.6375,-3.6375,221.0767,0.44,18.9233,1,NA
2543794,"Crockett Gillmore","BAL","TE",26,3,10,44.5,44.5,44.5,NA,38,0.649999999999999,0,0,277.3,47,4,4.41544567412844,16,2.78125,-58.3666666666667,241,-58.3666666666667,-58.3666666666667,-3.64791666666667,-3.64791666666667,-3.64791666666667,211.725,0.16,29.275,1,NA
2553830,"Will Tye","NYG","TE",NA,NA,8,44.1,44.1,44.1,NA,39,4.05,0,0,304.3,42.1,6,5.44198010004923,16,2.75625,-58.7666666666667,242,-58.7666666666667,-58.7666666666667,-3.67291666666667,-3.67291666666667,-3.67291666666667,216.1667,0.49,25.8333,1,NA
2539995,"Mychal Rivera","JAC","TE",27,4,8,43.6,43.6,43.6,NA,40,7.55,0,0,NA,45.8,5.4,5.13401977227299,16,2.725,-59.2666666666667,243,-59.2666666666667,-59.2666666666667,-3.70416666666667,-3.70416666666667,-3.70416666666667,241.7967,0.21,1.20330000000001,1,NA
100007,"Browns","CLE","DST",NA,NA,9,62,62,62,NA,31,2,0,0,300.5,29.5,3,5.50373091963414,16,3.875,-59.3333333333333,244,-59.3333333333333,-59.3333333333333,-3.70833333333333,-3.70833333333333,-3.70833333333333,160.145,1,83.855,1,NA
2558019,"Alvin Kamara","NO","RB",21,0,5,49.2,49.2,49.2,NA,74,3.25,0,0,165,55.5,10.4,6.54485459006786,16,3.075,-60.0333333333333,245,-60.0333333333333,-60.0333333333333,-3.91041666666667,-3.91041666666667,-3.91041666666667,143.705,1.7433,101.295,2,NA
2558066,"Curtis Samuel","CAR","WR",21,0,11,56.6,56.6,56.6,NA,76,0.550000000000004,0,0,212,76.7,8.6,4.47528484021898,16,3.5375,-60.7,246,-60.7,-60.7,-3.8125,-3.8125,-3.8125,160.774,1.4833,85.226,2,NA
2558846,"Mike Williams","LAC","WR",23,0,8,56.6,56.6,56.6,NA,76,1.15,0,0,157.7,63.7,13.7,6.13010444196802,16,3.5375,-60.7,246,-60.7,-60.7,-3.8125,-3.8125,-3.8125,133.324,4.0933,112.676,4,NA
100024,"Jets","NYJ","DST",NA,NA,11,60,60,60,NA,32,NA,0,0,213.6,22.4,6.1,10.7637422067612,16,3.75,-61.3333333333333,248,-61.3333333333333,-61.3333333333333,-3.83333333333333,-3.83333333333333,-3.83333333333333,170,0.355,78,1,NA
2556460,"Geronimo Allison","GB","WR",23,1,8,55.5,55.5,55.5,NA,78,1.14999999999999,0,0,NA,116.7,6.7,3.85878341995953,16,3.46875,-61.8,249,-61.8,-61.8,-3.88125,-3.88125,-3.88125,219.8067,0.4867,29.1933,1,NA
2543475,"Marqise Lee","JAC","WR",26,3,8,55.4,55.4,55.4,NA,79,2.2,0,0,175.8,64.8,5.8,3.56675643141558,16,3.4625,-61.9,250,-61.9,-61.9,-3.8875,-3.8875,-3.8875,166.2567,0.8067,83.7433,1,NA
2507999,"Chris Ivory","JAC","RB",29,7,8,46.6,46.6,46.6,NA,75,1.4,0,0,212.5,70,9.6,6.13090184079553,16,2.9125,-62.6333333333333,251,-62.6333333333333,-62.6333333333333,-4.07291666666667,-4.07291666666667,-4.07291666666667,215.77,1.0267,35.23,1,NA
2550512,"Damien Williams","MIA","RB",25,3,11,45.3,45.3,45.3,NA,76,4.55,0,0,289.4,84.8,6.9,4.73381131200143,16,2.83125,-63.9333333333333,252,-63.9333333333333,-63.9333333333333,-4.15416666666667,-4.15416666666667,-4.15416666666667,206.9675,0.28,45.0325,1,NA
2495331,"Aldrick Robinson","SF","WR",29,6,11,53.3,53.3,53.3,NA,80,0.700000000000003,0,0,234.3,94.2,13.2,5.96786722611027,16,3.33125,-64,253,-64,-64,-4.01875,-4.01875,-4.01875,150.98,0.3,102.02,1,NA
2558123,"Marlon Mack","IND","RB",NA,0,11,45.1,45.1,45.1,NA,77,8.95,0,0,161.3,59,11.8,7.26927190129443,16,2.81875,-64.1333333333333,254,-64.1333333333333,-64.1333333333333,-4.16666666666667,-4.16666666666667,-4.16666666666667,155.1633,1.2825,98.8367,2,NA
2555466,"Tyler Boyd","CIN","WR",23,1,6,53.1,53.1,53.1,NA,81,1.95,0,0,224.3,81.9,10.2,4.99444393096378,16,3.31875,-64.2,255,-64.2,-64.2,-4.03125,-4.03125,-4.03125,187.22,0.545,67.78,1,NA
2558010,"John Ross","CIN","WR",NA,0,6,52.1,52.1,52.1,NA,82,3.25,0,0,157.3,62.1,8.2,4.34549506753278,16,3.25625,-65.2,256,-65.2,-65.2,-4.09375,-4.09375,-4.09375,142.736,2.5633,113.264,3,NA
2540215,"Vance McDonald","SF","TE",27,4,11,36.5,36.5,36.5,NA,41,1.05,0,0,229.5,30.2,2.7,3.74819829727993,16,2.28125,-66.3666666666667,257,-66.3666666666667,-66.3666666666667,-4.14791666666667,-4.14791666666667,-4.14791666666667,186.68,0.5567,70.32,1,NA
2539205,"Terrance Williams","DAL","WR",28,4,6,50.2,50.2,50.2,NA,83,2.85,0,0,233.3,83.5,10.4,5.05933881730688,16,3.1375,-67.1,258,-67.1,-67.1,-4.2125,-4.2125,-4.2125,198.9067,0.5367,59.0933,1,NA
2558266,"George Kittle","SF","TE",24,0,11,35.6,35.6,35.6,NA,42,1.2,0,0,NA,52.3,5.2,5.03136632968091,16,2.225,-67.2666666666667,259,-67.2666666666667,-67.2666666666667,-4.20416666666667,-4.20416666666667,-4.20416666666667,185.55,0.295,73.45,1,NA
2558207,"Jonnu Smith","TEN","TE",22,0,8,35.3,35.3,35.3,NA,43,2.75,0,0,NA,56.4,5.6,5.23667321486507,16,2.20625,-67.5666666666667,260,-67.5666666666667,-67.5666666666667,-4.22291666666667,-4.22291666666667,-4.22291666666667,193.205,1.3,66.795,2,NA
2543683,"Austin Seferian-Jenkins","NYJ","TE",25,3,11,33.5,33.5,33.5,NA,44,2.4,0,0,218.2,31.9,9.1,7.03310846022645,16,2.09375,-69.3666666666667,261,-69.3666666666667,-69.3666666666667,-4.33541666666667,-4.33541666666667,-4.33541666666667,179.6,0.295,81.4,1,NA
2495189,"Jeremy Kerley","SF","WR",29,6,11,47.5,47.5,47.5,NA,84,0.649999999999999,0,0,237.6,87.4,10.3,5.02689137413533,16,2.96875,-69.8,262,-69.8,-69.8,-4.38125,-4.38125,-4.38125,207.8433,0.4733,54.1567,1,NA
2530515,"Chris Hogan","NE","WR",29,6,9,47.2,47.2,47.2,NA,85,0.75,0,0,217.3,78.4,8.6,4.47528484021898,16,2.95,-70.1,263,-70.1,-70.1,-4.4,-4.4,-4.4,188.75,0.7233,74.25,1,NA
2558105,"Chris Godwin","TB","WR",21,0,11,46.5,46.5,46.5,NA,86,1.2,0,0,256.3,101.8,12.9,5.87052489659562,16,2.90625,-70.8,264,-70.8,-70.8,-4.44375,-4.44375,-4.44375,162.435,0.955,101.565,1,NA
2555343,"Josh Doctson","WAS","WR",NA,1,5,46.4,46.4,46.4,NA,87,2.49999999999999,0,0,149.6,57.7,8.8,4.54017972656208,16,2.9,-70.9,265,-70.9,-70.9,-4.45,-4.45,-4.45,138.425,2.0133,126.575,2,NA
2541316,"Ryan Griffin","HOU","TE",27,4,7,31.6,31.6,31.6,NA,45,2.15,0,0,NA,41.3,5.6,5.23667321486507,16,1.975,-71.2666666666667,266,-71.2666666666667,-71.2666666666667,-4.45416666666667,-4.45416666666667,-4.45416666666667,158.67,0.57,107.33,1,NA
2495888,"Marcedes Lewis","JAC","TE",33,11,8,30.6,30.6,30.6,NA,46,2.65,0,0,268.7,42.3,5.8,5.33932665745715,16,1.9125,-72.2666666666667,267,-72.2666666666667,-72.2666666666667,-4.51666666666667,-4.51666666666667,-4.51666666666667,160.5,0.4733,106.5,1,NA
2539980,"Kerwynn Williams","ARI","RB",26,4,8,36.4,36.4,36.4,NA,78,1.95,0,0,264,87,13.8,8.30415377447525,16,2.275,-72.8333333333333,268,-72.8333333333333,-72.8333333333333,-4.71041666666667,-4.71041666666667,-4.71041666666667,234.4733,0.165,33.5267,1,NA
2558150,"ArDarius Stewart","NYJ","WR",NA,0,11,44.2,44.2,44.2,NA,88,1.6,0,0,248.1,91.4,15,6.55192120319817,16,2.7625,-73.1,269,-73.1,-73.1,-4.5875,-4.5875,-4.5875,182.1933,0.6933,86.8067,1,NA
2550658,"Branden Oliver","LAC","RB",26,3,8,35.9,35.9,35.9,NA,79,3.3,0,0,239.3,76.4,8.1,5.35474043590992,16,2.24375,-73.3333333333333,270,-73.3333333333333,-73.3333333333333,-4.74166666666667,-4.74166666666667,-4.74166666666667,187.8175,0.6125,82.1825,1,NA
2557898,"Cooper Kupp","LAR","WR",24,0,9,43.6,43.6,43.6,NA,89,2,0,0,216.8,79.8,10.5,5.09178626047843,16,2.725,-73.7,271,-73.7,-73.7,-4.625,-4.625,-4.625,175.81,0.8967,95.19,1,NA
2556463,"Stephen Anderson","HOU","TE",24,1,7,28.3,28.3,28.3,NA,47,0.75,0,0,NA,56,14.9,10.0100582953967,16,1.76875,-74.5666666666667,272,-74.5666666666667,-74.5666666666667,-4.66041666666667,-4.66041666666667,-4.66041666666667,150.96,0.15,121.04,1,NA
2541834,"Josh Hill","NO","TE",27,4,5,27.6,27.6,27.6,NA,48,1.25,0,0,NA,44.5,4.7,4.77473272320072,16,1.725,-75.2666666666667,273,-75.2666666666667,-75.2666666666667,-4.70416666666667,-4.70416666666667,-4.70416666666667,160.49,0.145,112.51,1,NA
2506122,"Benjamin Watson","BAL","TE",37,13,10,27.5,27.5,27.5,NA,49,2.5,0,0,228,33.4,6.2,5.54463354264131,16,1.71875,-75.3666666666667,274,-75.3666666666667,-75.3666666666667,-4.71041666666667,-4.71041666666667,-4.71041666666667,195.66,0.46,78.34,1,NA
2530660,"Kamar Aiken","IND","WR",28,6,11,41.6,41.6,41.6,NA,90,0.350000000000001,0,0,242.1,86.2,9,4.60507461290518,16,2.6,-75.7,275,-75.7,-75.7,-4.75,-4.75,-4.75,188.01,0.5567,86.99,1,NA
2539964,"Marquise Goodwin","SF","WR",27,4,11,41.6,41.6,41.6,NA,90,0.699999999999996,0,0,236,94,11.5,5.41626069219392,16,2.6,-75.7,275,-75.7,-75.7,-4.75,-4.75,-4.75,208.9967,0.375,66.0033,1,NA
2543600,"Alfred Blue","HOU","RB",26,3,7,33,33,33,NA,80,1.05,0,0,NA,95.1,11.3,7.01055143299923,16,2.0625,-76.2333333333333,277,-76.2333333333333,-76.2333333333333,-4.92291666666667,-4.92291666666667,-4.92291666666667,160.455,0.4467,116.545,1,NA
2541388,"Brice Butler","DAL","WR",27,4,6,40.9,40.9,40.9,NA,92,1.15000000000001,0,0,NA,127.6,15.6,6.74660586222747,16,2.55625,-76.4,278,-76.4,-76.4,-4.79375,-4.79375,-4.79375,160.48,0.29,117.52,1,NA
2550328,"Brandon Coleman","NO","WR",25,3,5,40.9,40.9,40.9,NA,92,3.35000000000001,0,0,259.3,100.6,10.4,5.05933881730688,16,2.55625,-76.4,278,-76.4,-76.4,-4.79375,-4.79375,-4.79375,202.9375,0.7,75.0625,1,NA
4383,"Tim Hightower","SF","RB",31,9,11,32.2,32.2,32.2,NA,81,2.3,0,0,219.6,70.5,9.9,6.28613412177265,16,2.0125,-77.0333333333333,280,-77.0333333333333,-77.0333333333333,-4.97291666666667,-4.97291666666667,-4.97291666666667,199.4,0.325,80.6,1,NA
2540230,"Kyle Juszczyk","SF","RB",26,4,11,31.7,31.7,31.7,NA,82,4.8,0,0,255.6,85.6,12.6,7.68322465056676,4,7.925,-77.5333333333333,281,-77.5333333333333,-77.5333333333333,0.939583333333333,0.939583333333333,0.939583333333333,211.01,0.165,69.99,1,NA
2550313,"Richard Rodgers","GB","TE",25,3,8,25.2,25.2,25.2,NA,50,0.400000000000002,0,0,326,55.4,9.2,7.08443518152249,16,1.575,-77.6666666666667,282,-77.6666666666667,-77.6666666666667,-4.85416666666667,-4.85416666666667,-4.85416666666667,160.255,0.4667,121.745,1,NA
2540203,"Levine Toilolo","ATL","TE",26,4,5,24.8,24.8,24.8,NA,51,0.300000000000001,0,0,NA,62.3,4.8,4.82605944449675,16,1.55,-78.0666666666667,283,-78.0666666666667,-78.0666666666667,-4.87916666666667,-4.87916666666667,-4.87916666666667,160.485,0.11,122.515,1,NA
2534820,"Garrett Celek","SF","TE",29,5,11,24.8,24.8,24.8,NA,51,0.150000000000002,0,0,NA,56,6.6,5.74994042782546,16,1.55,-78.0666666666667,283,-78.0666666666667,-78.0666666666667,-4.87916666666667,-4.87916666666667,-4.87916666666667,150.97,1.2,132.03,2,NA
2558049,"Michael Roberts","DET","TE",23,0,7,24.5,24.5,24.5,NA,53,0.649999999999999,0,0,NA,58,17.7,11.4472064916858,16,1.53125,-78.3666666666667,285,-78.3666666666667,-78.3666666666667,-4.89791666666667,-4.89791666666667,-4.89791666666667,219.965,0.205,65.035,1,NA
2552397,"Clive Walford","OAK","TE",26,2,10,24.5,24.5,24.5,NA,53,0.149999999999999,0,0,306,43.1,5.4,5.13401977227299,16,1.53125,-78.3666666666667,285,-78.3666666666667,-78.3666666666667,-4.89791666666667,-4.89791666666667,-4.89791666666667,160.45,0.5533,124.55,1,NA
2555289,"Nick Vannett","SEA","TE",NA,1,6,24.2,24.2,24.2,NA,55,1.2,0,0,NA,73.5,1.5,3.13227764172745,16,1.5125,-78.6666666666667,287,-78.6666666666667,-78.6666666666667,-4.91666666666667,-4.91666666666667,-4.91666666666667,157.3267,0.1,129.6733,1,NA
2532977,"Kendall Wright","CHI","WR",28,5,9,38.6,38.6,38.6,NA,94,2.1,0,0,224.6,84,11.4,5.38381324902238,16,2.4125,-78.7,288,-78.7,-78.7,-4.9375,-4.9375,-4.9375,208.1033,0.6133,79.8967,1,NA
2540200,"Dion Sims","CHI","TE",26,4,9,23.5,23.5,23.5,NA,56,1.65,0,0,243.6,41.4,9.1,7.03310846022645,16,1.46875,-79.3666666666667,289,-79.3666666666667,-79.3666666666667,-4.96041666666667,-4.96041666666667,-4.96041666666667,214.705,0.39,74.295,1,NA
2552403,"Nick OLeary","BUF","TE",25,2,6,22.5,22.5,22.5,NA,57,2.1,0,0,NA,54,0,2.36237682228686,16,1.40625,-80.3666666666667,290,-80.3666666666667,-80.3666666666667,-5.02291666666667,-5.02291666666667,-5.02291666666667,160.495,0.11,129.505,1,NA
2543836,"T.J. Jones","DET","WR",25,3,7,36.5,36.5,36.5,NA,95,1.45,0,0,NA,NA,NA,NA,16,2.28125,-80.8,291,-80.8,-80.8,-5.06875,-5.06875,-5.06875,151,0.5,140,1,NA
2532841,"Michael Floyd","MIN","WR",28,5,9,36.5,36.5,36.5,NA,95,0.600000000000001,0,0,234.4,89.8,14,6.22744677148267,16,2.28125,-80.8,291,-80.8,-80.8,-5.06875,-5.06875,-5.06875,200.13,2.4167,90.87,3,NA
2495461,"Shaun Draughn","NYG","RB",30,6,8,28.1,28.1,28.1,NA,83,2.85,0,0,306.2,93.6,11.4,7.06229552665827,16,1.75625,-81.1333333333333,293,-81.1333333333333,-81.1333333333333,-5.22916666666667,-5.22916666666667,-5.22916666666667,160.475,0.4267,132.525,1,NA
2543628,"Troy Niklas","ARI","TE",25,3,8,21.2,21.2,21.2,NA,58,1.7,0,0,NA,NA,NA,NA,16,1.325,-81.6666666666667,294,-81.6666666666667,-81.6666666666667,-5.10416666666667,-5.10416666666667,-5.10416666666667,NA,0.16,NA,1,NA
2555317,"Tajae Sharpe","TEN","WR",23,1,8,35.3,35.3,35.3,NA,97,0.649999999999999,0,0,248.3,96.4,15.5,6.71415841905592,16,2.20625,-82,295,-82,-82,-5.14375,-5.14375,-5.14375,221.3133,0.36,73.6867,1,NA
2550198,"Bennie Fowler","DEN","WR",26,3,5,34.8,34.8,34.8,NA,98,0.799999999999997,0,0,NA,143.7,13,5.90297233976717,16,2.175,-82.5,296,-82.5,-82.5,-5.175,-5.175,-5.175,150.99,0.18,145.01,1,NA
2555478,"Demarcus Robinson","KC","WR",NA,1,10,34.5,34.5,34.5,NA,99,1.5,0,0,310.7,119.8,14.9,6.51947376002662,4,8.625,-82.8,297,-82.8,-82.8,1.275,1.275,1.275,218.93,0.26,78.07,1,NA
2540259,"MarQueis Gray","MIA","TE",27,4,11,19.6,19.6,19.6,NA,59,0.950000000000003,0,0,NA,84.5,3.5,4.15881206764824,16,1.225,-83.2666666666667,298,-83.2666666666667,-83.2666666666667,-5.20416666666667,-5.20416666666667,-5.20416666666667,160.495,0.06,137.505,1,NA
2558144,"Adam Shaheen","CHI","TE",23,0,9,19.4,19.4,19.4,NA,60,1.7,0,0,282.3,43.8,8.3,6.62249468985814,16,1.2125,-83.4666666666667,299,-83.4666666666667,-83.4666666666667,-5.21666666666667,-5.21666666666667,-5.21666666666667,174.26,1.4567,124.74,2,NA
2543551,"KaDeem Carey","CHI","RB",25,3,9,25.7,25.7,25.7,NA,84,1.1,0,0,NA,104.9,10.8,6.75183096470402,16,1.60625,-83.5333333333333,300,-83.5333333333333,-83.5333333333333,-5.37916666666667,-5.37916666666667,-5.37916666666667,160.495,0.08,139.505,1,NA
2553895,"Adam Humphries","TB","WR",NA,NA,11,33.5,33.5,33.5,NA,100,2,0,0,260,104.1,14.9,6.51947376002662,16,2.09375,-83.8,301,-83.8,-83.8,-5.25625,-5.25625,-5.25625,160.495,0.28,140.505,1,NA
2558112,"Brian Hill","ATL","RB",22,0,5,24.8,24.8,24.8,NA,85,0.600000000000001,0,0,NA,94,6.3,4.42334675004718,16,1.55,-84.4333333333333,302,-84.4333333333333,-84.4333333333333,-5.43541666666667,-5.43541666666667,-5.43541666666667,211.91,0.53,90.09,1,NA
2543590,"Cody Latimer","DEN","WR",25,3,5,32.5,32.5,32.5,NA,101,2,0,0,NA,148.5,3.7,2.88536012481303,16,2.03125,-84.8,303,-84.8,-84.8,-5.31875,-5.31875,-5.31875,160.49,0.4133,142.51,1,NA
2550268,"Charcandrick West","KC","RB",26,3,10,24.4,24.4,24.4,NA,86,0.699999999999999,0,0,261.1,80.9,6.8,4.68206721834239,16,1.525,-84.8333333333333,304,-84.8333333333333,-84.8333333333333,-5.46041666666667,-5.46041666666667,-5.46041666666667,222.2567,0.5133,81.7433,1,NA
2552399,"Jeff Heuerman","DEN","TE",25,2,5,17.9,17.9,17.9,NA,61,1.4,0,0,NA,79.7,12.5,8.77821698429179,16,1.11875,-84.9666666666667,305,-84.9666666666667,-84.9666666666667,-5.31041666666667,-5.31041666666667,-5.31041666666667,160.49,0.1,144.51,1,NA
2535890,"Travaris Cadet","NO","RB",28,5,5,24,24,24,NA,87,1.2,0,0,342.3,100.2,12.2,7.47624827593059,16,1.5,-85.2333333333333,306,-85.2333333333333,-85.2333333333333,-5.48541666666667,-5.48541666666667,-5.48541666666667,170,0.185,136,1,NA
497224,"Ed Dickson","CAR","TE",30,7,11,17.5,17.5,17.5,NA,62,2.9,0,0,NA,61.7,2.1,3.44023796950369,16,1.09375,-85.3666666666667,307,-85.3666666666667,-85.3666666666667,-5.33541666666667,-5.33541666666667,-5.33541666666667,160.485,0.095,146.515,1,NA
2557934,"Elijah McGuire","NYJ","RB",23,0,11,23.4,23.4,23.4,NA,88,1.7,0,0,NA,99.6,10.6,6.64834277738594,16,1.4625,-85.8333333333333,308,-85.8333333333333,-85.8333333333333,-5.52291666666667,-5.52291666666667,-5.52291666666667,192.1033,0.335,115.8967,1,NA
2553606,"Jordan Taylor","DEN","WR",25,2,5,30.5,30.5,30.5,NA,102,0.0499999999999972,0,0,NA,162.2,8.6,4.47528484021898,16,1.90625,-86.8,309,-86.8,-86.8,-5.44375,-5.44375,-5.44375,160.49,0.075,148.51,1,NA
2555348,"Braxton Miller","HOU","WR",25,1,7,30.5,30.5,30.5,NA,102,0.199999999999996,0,0,271.4,102.5,13,5.90297233976717,16,1.90625,-86.8,309,-86.8,-86.8,-5.44375,-5.44375,-5.44375,193.5867,0.5633,115.4133,1,NA
2552600,"Nelson Agholor","PHI","WR",24,2,10,30.5,30.5,30.5,NA,102,0,0,0,261.3,112.3,23.3,9.24505898643682,16,1.90625,-86.8,309,-86.8,-86.8,-5.44375,-5.44375,-5.44375,195.79,0.53,113.21,1,NA
2558149,"JuJu Smith-Schuster","PIT","WR",21,0,9,30.4,30.4,30.4,NA,105,1.05,0,0,243.7,91,15.1,6.58436864636972,16,1.9,-86.9,312,-86.9,-86.9,-5.45,-5.45,-5.45,160.91,1.33,151.09,2,NA
2533457,"Alfred Morris","DAL","RB",29,5,6,22.2,22.2,22.2,NA,89,1.15,0,0,259.3,86,10.2,6.44136640274978,16,1.3875,-87.0333333333333,313,-87.0333333333333,-87.0333333333333,-5.59791666666667,-5.59791666666667,-5.59791666666667,207.0233,0.4567,105.9767,1,NA
2539275,"Mike Glennon","CHI","QB",28,4,9,182.3,182.3,182.3,NA,26,15.6,0,0,222.2,29,2.2,4.91821195760556,16,11.39375,-87.0866666666667,314,-87.0866666666667,-87.0866666666667,-5.44291666666667,-5.44291666666667,-5.44291666666667,174.3433,0.8833,139.6567,1,NA
2552421,"Kenny Bell","BAL","WR",25,2,10,30.2,30.2,30.2,NA,106,1.9,0,0,NA,141,14,6.22744677148267,16,1.8875,-87.1,315,-87.1,-87.1,-5.4625,-5.4625,-5.4625,150.94,0.23,164.06,1,NA
2552580,"A.J. Derby","DEN","TE",26,2,5,15.5,15.5,15.5,NA,63,1.9,0,0,222.4,31.8,5.3,5.08269305097695,16,0.96875,-87.3666666666667,316,-87.3666666666667,-87.3666666666667,-5.46041666666667,-5.46041666666667,-5.46041666666667,210.83,0.28,105.17,1,NA
2556118,"Dwayne Washington","DET","RB",NA,1,7,21.2,21.2,21.2,NA,90,0.749999999999996,0,0,266.3,91.4,12.1,7.42450418227155,16,1.325,-88.0333333333333,317,-88.0333333333333,-88.0333333333333,-5.66041666666667,-5.66041666666667,-5.66041666666667,247.8033,0.34,69.1967,1,NA
2506147,"John Kuhn","NO","RB",35,11,5,20.9,20.9,20.9,NA,91,1.3,0,0,NA,152,28,15.6518150740591,16,1.30625,-88.3333333333333,318,-88.3333333333333,-88.3333333333333,-5.67916666666667,-5.67916666666667,-5.67916666666667,160.49,0.06,157.51,1,NA
2550272,"Albert Wilson","KC","WR",25,3,10,28.5,28.5,28.5,NA,107,0.399999999999999,0,0,247.6,97.4,14.4,6.35723654416887,16,1.78125,-88.8,319,-88.8,-88.8,-5.56875,-5.56875,-5.56875,215.06,0.4,103.94,1,NA
2495187,"Lance Kendricks","GB","TE",29,6,8,13.7,13.7,13.7,NA,64,1.15,0,0,262.6,41.1,8.2,6.5711679685621,16,0.85625,-89.1666666666667,320,-89.1666666666667,-89.1666666666667,-5.57291666666667,-5.57291666666667,-5.57291666666667,160.465,0.19,159.535,1,NA
2555468,"Rashard Higgins","CLE","WR",23,1,9,28.1,28.1,28.1,NA,108,1.15,0,0,273,107.5,12.6,5.77318256708097,16,1.75625,-89.2,321,-89.2,-89.2,-5.59375,-5.59375,-5.59375,160.48,0.62,160.52,1,NA
2555214,"Laquon Treadwell","MIN","WR",22,1,9,28.1,28.1,28.1,NA,108,0.350000000000001,0,0,233.2,85,9.5,4.76731182876293,16,1.75625,-89.2,321,-89.2,-89.2,-5.59375,-5.59375,-5.59375,163.1533,1.26,157.8467,2,NA
2557952,"Wayne Gallman","NYG","RB",23,0,8,20,20,20,NA,92,1.15,0,0,224.2,76.2,10.1,6.38962230909074,16,1.25,-89.2333333333333,323,-89.2333333333333,-89.2333333333333,-5.73541666666667,-5.73541666666667,-5.73541666666667,179.9,0.8367,143.1,1,NA
2552586,"Tyler Kroft","CIN","TE",25,2,6,13.5,13.5,13.5,NA,65,2,0,0,NA,76,0,2.36237682228686,16,0.84375,-89.3666666666667,324,-89.3666666666667,-89.3666666666667,-5.58541666666667,-5.58541666666667,-5.58541666666667,160.49,0.08,163.51,1,NA
2553457,"Trevor Siemian","DEN","QB",NA,NA,5,179.7,179.7,179.7,NA,27,36.85,0,0,217.7,28.2,2.9,6.48308983541914,16,11.23125,-89.6866666666667,325,-89.6866666666667,-89.6866666666667,-5.60541666666667,-5.60541666666667,-5.60541666666667,172.86,0.6867,152.14,1,NA
2550546,"Philly Brown","BUF","WR",26,3,6,27.4,27.4,27.4,NA,110,0.900000000000002,0,0,274,114.6,15.3,6.64926353271282,16,1.7125,-89.9,326,-89.9,-89.9,-5.6375,-5.6375,-5.6375,150.96,0.68,175.04,1,NA
2558273,"T.J. Logan","ARI","RB",23,0,8,19.2,19.2,19.2,NA,93,0.899999999999999,0,0,302.3,87.8,9.9,6.28613412177265,16,1.2,-90.0333333333333,327,-90.0333333333333,-90.0333333333333,-5.78541666666667,-5.78541666666667,-5.78541666666667,214.3733,0.4933,112.6267,1,NA
2539289,"Kenjon Barner","LAC","RB",28,4,8,18.5,18.5,18.5,NA,94,0.549999999999997,0,0,311.3,101.6,13.2,7.993689212521,16,1.15625,-90.7333333333333,328,-90.7333333333333,-90.7333333333333,-5.82916666666667,-5.82916666666667,-5.82916666666667,170,0.09,158,1,NA
2495453,"Andre Holmes","BUF","WR",29,6,6,26.5,26.5,26.5,NA,111,0.600000000000001,0,0,238,101.7,14.7,6.45457887368352,16,1.65625,-90.8,329,-90.8,-90.8,-5.69375,-5.69375,-5.69375,160.48,0.235,168.52,1,NA
2649,"Danny Amendola","NE","WR",32,9,9,26.5,26.5,26.5,NA,111,0.100000000000001,0,0,NA,133.8,23.5,9.30995387277991,16,1.65625,-90.8,329,-90.8,-90.8,-5.69375,-5.69375,-5.69375,159.63,0.56,169.37,1,NA
81306,"Brandon Tate","BUF","WR",30,8,6,26.3,26.3,26.3,NA,113,1.1,0,0,NA,168.8,15.4,6.68171097588437,16,1.64375,-91,331,-91,-91,-5.70625,-5.70625,-5.70625,160.485,0.285,170.515,1,NA
2541544,"Benny Cunningham","CHI","RB",27,4,9,18.1,18.1,18.1,NA,95,0.649999999999999,0,0,267.2,84,9.1,5.87218137250033,16,1.13125,-91.1333333333333,332,-91.1333333333333,-91.1333333333333,-5.85416666666667,-5.85416666666667,-5.85416666666667,150.99,0.31,181.01,1,NA
2558023,"Eric Saubert","ATL","TE",23,0,5,11.6,11.6,11.6,NA,66,0.350000000000001,0,0,NA,65.5,12.5,8.77821698429179,16,0.725,-91.2666666666667,333,-91.2666666666667,-91.2666666666667,-5.70416666666667,-5.70416666666667,-5.70416666666667,170,0.115,163,1,NA
2555230,"Kenyan Drake","MIA","RB",NA,1,11,17.8,17.8,17.8,NA,96,1.2,0,0,252.1,79,4.5,3.49195306418445,16,1.1125,-91.4333333333333,334,-91.4333333333333,-91.4333333333333,-5.87291666666667,-5.87291666666667,-5.87291666666667,190.9433,0.5867,143.0567,1,NA
2541199,"Luke Willson","SEA","TE",27,4,6,11.4,11.4,11.4,NA,67,1.75,0,0,NA,56,0,2.36237682228686,16,0.7125,-91.4666666666667,335,-91.4666666666667,-91.4666666666667,-5.71666666666667,-5.71666666666667,-5.71666666666667,160.375,0.3967,174.625,1,NA
2507218,"Brent Celek","PHI","TE",32,10,10,11.1,11.1,11.1,NA,68,2.9,0,0,NA,63.3,9.5,7.23841534541061,16,0.69375,-91.7666666666667,336,-91.7666666666667,-91.7666666666667,-5.73541666666667,-5.73541666666667,-5.73541666666667,160.46,0.4733,175.54,1,NA
2541966,"Jaron Brown","ARI","WR",27,4,8,25.5,25.5,25.5,NA,114,0.75,0,0,243.3,107.7,16.7,7.10352773711452,16,1.59375,-91.8,337,-91.8,-91.8,-5.75625,-5.75625,-5.75625,160.485,0.42,176.515,1,NA
2558250,"Tarik Cohen","CHI","RB",22,0,9,17.1,17.1,17.1,NA,97,1,0,0,293.3,97.5,9.4,6.02741365347745,16,1.06875,-92.1333333333333,338,-92.1333333333333,-92.1333333333333,-5.91666666666667,-5.91666666666667,-5.91666666666667,198.4267,0.235,139.5733,1,NA
2552463,"Jaelen Strong","HOU","WR",23,2,7,24.9,24.9,24.9,NA,115,0.350000000000001,0,0,283,113.3,17.4,7.33065983931537,16,1.55625,-92.4,339,-92.4,-92.4,-5.79375,-5.79375,-5.79375,150.99,0.26,188.01,1,NA
2532978,"Jarius Wright","MIN","WR",28,5,9,24.6,24.6,24.6,NA,116,0.550000000000001,0,0,371,134.7,15.8,6.81150074857057,16,1.5375,-92.7,340,-92.7,-92.7,-5.8125,-5.8125,-5.8125,160.5,0.085,179.5,1,NA
2550163,"Michael Campanaro","BAL","WR",26,3,10,24.5,24.5,24.5,NA,117,1.4,0,0,316.3,109.1,15.2,6.61681608954127,16,1.53125,-92.8,341,-92.8,-92.8,-5.81875,-5.81875,-5.81875,292.055,0.13,48.945,1,NA
2553762,"Terron Ward","ATL","RB",NA,NA,5,16.1,16.1,16.1,NA,98,NA,0,0,NA,116.4,8.8,5.71694909152321,16,1.00625,-93.1333333333333,342,-93.1333333333333,-93.1333333333333,-5.97916666666667,-5.97916666666667,-5.97916666666667,160.495,0.1,181.505,1,NA
2543491,"Paul Richardson","SEA","WR",25,3,6,23.6,23.6,23.6,NA,118,1.55,0,0,236.7,84.7,9.1,4.63752205607673,16,1.475,-93.7,343,-93.7,-93.7,-5.875,-5.875,-5.875,185.28,0.63,157.72,1,NA
2553318,"James OShaughnessy","NE","TE",NA,NA,9,8.2,8.2,8.2,NA,69,0.750000000000001,0,0,NA,85.5,6.5,5.69861370652943,16,0.5125,-94.6666666666667,344,-94.6666666666667,-94.6666666666667,-5.91666666666667,-5.91666666666667,-5.91666666666667,160.49,0.115,183.51,1,NA
2543481,"Jace Amaro","TEN","TE",25,3,8,8.2,8.2,8.2,NA,69,0.25,0,0,NA,76.5,12.5,8.77821698429179,16,0.5125,-94.6666666666667,344,-94.6666666666667,-94.6666666666667,-5.91666666666667,-5.91666666666667,-5.91666666666667,150.98,0.625,193.02,1,NA
497320,"Andre Roberts","ATL","WR",29,7,5,22.6,22.6,22.6,NA,119,2.2,0,0,NA,149.7,25,9.79666552035316,16,1.4125,-94.7,346,-94.7,-94.7,-5.9375,-5.9375,-5.9375,160.5,0.07,185.5,1,NA
2552559,"C.J. Uzomah","CIN","TE",24,2,6,7.7,7.7,7.7,NA,71,0.899999999999999,0,0,NA,60,3,3.90217846116805,16,0.48125,-95.1666666666667,347,-95.1666666666667,-95.1666666666667,-5.94791666666667,-5.94791666666667,-5.94791666666667,160.49,0.115,186.51,1,NA
2558011,"Bucky Hodges","MIN","TE",22,0,9,7.2,7.2,7.2,NA,72,2.35,0,0,NA,64.8,12,8.52158337781159,16,0.45,-95.6666666666667,348,-95.6666666666667,-95.6666666666667,-5.97916666666667,-5.97916666666667,-5.97916666666667,186.7875,0.54,161.2125,1,NA
2530700,"Dontrelle Inman","LAC","WR",28,4,8,21.5,21.5,21.5,NA,120,2.5,0,0,264.6,97.3,13.8,6.16255188513957,16,1.34375,-95.8,349,-95.8,-95.8,-6.00625,-6.00625,-6.00625,227.11,0.305,121.89,1,NA
2533028,"James Hanna","DAL","TE",28,5,6,6.4,6.4,6.4,NA,73,3.1,0,0,NA,NA,NA,NA,16,0.4,-96.4666666666667,350,-96.4666666666667,-96.4666666666667,-6.02916666666667,-6.02916666666667,-6.02916666666667,170,0.05,180,1,NA
2558052,"Kenny Golladay","DET","WR",24,0,7,19.3,19.3,19.3,NA,121,0.699999999999999,0,0,226.3,87.2,12.3,5.67584023756632,16,1.20625,-98,351,-98,-98,-6.14375,-6.14375,-6.14375,168.6167,0.79,182.3833,1,NA
2532933,"Brian Quick","WAS","WR",28,5,5,18.7,18.7,18.7,NA,122,0.399999999999999,0,0,278.4,108.2,20.3,8.27163569129032,16,1.16875,-98.6,352,-98.6,-98.6,-6.18125,-6.18125,-6.18125,160.49,0.7833,191.51,1,NA
80427,"Darrius Heyward-Bey","PIT","WR",30,8,9,18.5,18.5,18.5,NA,123,0.549999999999997,0,0,318.7,129,29,11.0945632472152,16,1.15625,-98.8,353,-98.8,-98.8,-6.19375,-6.19375,-6.19375,160.48,0.385,192.52,1,NA
2552418,"Justin Hardy","ATL","WR",26,2,5,18.1,18.1,18.1,NA,124,0.399999999999999,0,0,NA,126.5,11.4,5.38381324902238,16,1.13125,-99.2,354,-99.2,-99.2,-6.21875,-6.21875,-6.21875,160.445,0.11,193.555,1,NA
2540261,"Corey Fuller","NO","WR",27,4,5,17.8,17.8,17.8,NA,125,0.300000000000001,0,0,NA,153.7,25.2,9.86156040669626,16,1.1125,-99.5,355,-99.5,-99.5,-6.2375,-6.2375,-6.2375,NA,0.15,NA,1,NA
2557859,"Jake Butt","DEN","TE",22,0,5,3.3,3.3,3.3,NA,74,NA,0,0,301,54.2,18.5,11.8578202620542,16,0.20625,-99.5666666666667,356,-99.5666666666667,-99.5666666666667,-6.22291666666667,-6.22291666666667,-6.22291666666667,182.68,0.8867,173.32,1,NA
2541147,"Charles Johnson","CAR","WR",28,4,11,17.6,17.6,17.6,NA,126,0.300000000000004,0,0,NA,132.6,19.1,7.88226637323172,16,1.1,-99.7,357,-99.7,-99.7,-6.25,-6.25,-6.25,150.94,0.69,206.06,1,NA
2558208,"Chad Williams","ARI","WR",23,0,8,17.4,17.4,17.4,NA,127,0.25,0,0,259.9,99.6,14.9,6.51947376002662,16,1.0875,-99.9,358,-99.9,-99.9,-6.2625,-6.2625,-6.2625,194.49,0.62,163.51,1,NA
2555215,"Leonte Carroo","MIA","WR",23,1,11,17.2,17.2,17.2,NA,128,0.899999999999999,0,0,295.4,127.8,21.1,8.53121523666272,16,1.075,-100.1,359,-100.1,-100.1,-6.275,-6.275,-6.275,222.5133,0.33,136.4867,1,NA
2540145,"Cordarrelle Patterson","OAK","WR",26,4,10,17.1,17.1,17.1,NA,129,1.65,0,0,251.3,100.9,9.3,4.70241694241983,16,1.06875,-100.2,360,-100.2,-100.2,-6.28125,-6.28125,-6.28125,192.79,0.6,167.21,1,NA
2535964,"Josh Bellamy","CHI","WR",28,5,9,15.5,15.5,15.5,NA,130,0.550000000000001,0,0,NA,162.6,7.4,4.08591552216038,16,0.96875,-101.8,361,-101.8,-101.8,-6.38125,-6.38125,-6.38125,150.99,0.17,210.01,1,NA
2535966,"Brenton Bersin","CAR","WR",27,4,11,15.4,15.4,15.4,NA,131,1.4,0,0,NA,166.3,10.1,4.96199648779223,16,0.9625,-101.9,362,-101.9,-101.9,-6.3875,-6.3875,-6.3875,150.99,0.08,211.01,1,NA
2539291,"Markus Wheaton","CHI","WR",26,4,9,14.5,14.5,14.5,NA,132,1.1,0,0,259.9,99.6,9.9,4.89710160144913,16,0.90625,-102.8,363,-102.8,-102.8,-6.44375,-6.44375,-6.44375,205.5033,0.6,157.4967,1,NA
2555419,"Pharoh Cooper","LAR","WR",22,1,9,13.5,13.5,13.5,NA,133,1.15,0,0,291.5,119.5,18.7,7.75247660054552,16,0.84375,-103.8,364,-103.8,-103.8,-6.50625,-6.50625,-6.50625,217.29,0.225,146.71,1,NA
2507855,"Victor Cruz","CHI","WR",31,7,9,13.3,13.3,13.3,NA,134,2.05,0,0,289,114,19.8,8.10939847543257,16,0.83125,-104,365,-104,-104,-6.51875,-6.51875,-6.51875,215.9,0.7533,149.1,1,NA
2558194,"Josh Reynolds","LAR","WR",22,0,9,11.4,11.4,11.4,NA,135,1.1,0,0,284.3,106.6,14.6,6.42213143051197,16,0.7125,-105.9,366,-105.9,-105.9,-6.6375,-6.6375,-6.6375,185.46,0.58,180.54,1,NA
2552425,"Rashad Greene","JAC","WR",25,2,8,11.1,11.1,11.1,NA,136,1.9,0,0,NA,152.8,17.8,7.46044961200157,16,0.69375,-106.2,367,-106.2,-106.2,-6.65625,-6.65625,-6.65625,160.5,0.09,206.5,1,NA
2555473,"Ricardo Louis","CLE","WR",NA,1,9,9.5,9.5,9.5,NA,137,0.949999999999999,0,0,NA,123.4,15.2,6.61681608954127,16,0.59375,-107.8,368,-107.8,-107.8,-6.75625,-6.75625,-6.75625,218.5333,0.17,149.4667,1,NA
2558003,"Carlos Henderson","DEN","WR",23,0,5,8.9,8.9,8.9,NA,138,0.699999999999999,0,0,254.8,96.1,10.5,5.09178626047843,16,0.55625,-108.4,369,-108.4,-108.4,-6.79375,-6.79375,-6.79375,175.8267,0.87,193.1733,1,NA
2541944,"Russell Shepard","CAR","WR",27,4,11,8.2,8.2,8.2,NA,139,0.500000000000001,0,0,NA,144.5,21,8.49876779349117,16,0.5125,-109.1,370,-109.1,-109.1,-6.8375,-6.8375,-6.8375,160.495,0.14,209.505,1,NA
2495159,"Dwayne Harris","NYG","WR",30,6,8,8.2,8.2,8.2,NA,139,0.25,0,0,NA,176.3,12.7,5.80563001025252,16,0.5125,-109.1,370,-109.1,-109.1,-6.8375,-6.8375,-6.8375,160.485,0.145,209.515,1,NA
222,"Harry Douglas","TEN","WR",33,9,8,8.2,8.2,8.2,NA,139,0,0,0,NA,164.3,30.6,11.61372233796,16,0.5125,-109.1,370,-109.1,-109.1,-6.8375,-6.8375,-6.8375,157.32,0.5325,212.68,1,NA
2557866,"Jehu Chesson","KC","WR",24,0,10,7.7,7.7,7.7,NA,142,1.6,0,0,NA,141.2,19,7.84981893006017,16,0.48125,-109.6,373,-109.6,-109.6,-6.86875,-6.86875,-6.86875,213.0233,0.325,159.9767,1,NA
2555216,"Malcolm Mitchell","NE","WR",24,1,9,7.7,7.7,7.7,NA,142,0.5,0,0,189.1,74,12.6,5.77318256708097,16,0.48125,-109.6,373,-109.6,-109.6,-6.86875,-6.86875,-6.86875,178.04,0.78,194.96,1,NA
2540151,"Justin Hunter","PIT","WR",26,4,9,7.7,7.7,7.7,NA,142,0,0,0,NA,169,28.7,10.9972209177005,16,0.48125,-109.6,373,-109.6,-109.6,-6.86875,-6.86875,-6.86875,160.5,0.19,212.5,1,NA
2557960,"Ryan Switzer","DAL","WR",23,0,6,6.7,6.7,6.7,NA,145,1.35,0,0,375.5,144.4,26.3,10.2184822815833,16,0.41875,-110.6,376,-110.6,-110.6,-6.93125,-6.93125,-6.93125,189.0167,0.73,186.9833,1,NA
2543750,"Jeff Janis","GB","WR",26,3,8,5.5,5.5,5.5,NA,146,0.3,0,0,NA,135.2,15.4,6.68171097588437,16,0.34375,-111.8,377,-111.8,-111.8,-7.00625,-7.00625,-7.00625,160.445,0.345,216.555,1,NA
2530598,"Jeremy Ross","ARI","WR",29,6,8,5.2,5.2,5.2,NA,147,NA,0,0,NA,174.5,13.5,6.06520955562492,16,0.325,-112.1,378,-112.1,-112.1,-7.025,-7.025,-7.025,150.99,0.55,227.01,1,NA
2505076,"Josh McCown","NYJ","QB",38,15,11,153.7,153.7,153.7,NA,28,23.55,0,0,238.7,31.3,3.2,7.15375178305353,16,9.60625,-115.686666666667,379,-115.686666666667,-115.686666666667,-7.23041666666667,-7.23041666666667,-7.23041666666667,174.2225,0.6467,204.7775,1,NA
81294,"Brian Hoyer","SF","QB",32,8,11,132,132,132,NA,29,7.67999999999999,0,0,206.7,27.3,1.8,4.02399602742638,16,8.25,-137.386666666667,380,-137.386666666667,-137.386666666667,-8.58666666666667,-8.58666666666667,-8.58666666666667,162.9467,0.8,217.0533,1,NA
2558063,"Deshaun Watson","HOU","QB",22,0,7,128.3,128.3,128.3,NA,30,8.98,0,0,207.2,27.7,2.5,5.58887390523995,16,8.01875,-141.086666666667,381,-141.086666666667,-141.086666666667,-8.81791666666667,-8.81791666666667,-8.81791666666667,138.05,2.63,242.95,3,NA
2555334,"Jared Goff","LAR","QB",23,1,9,120.34,120.34,120.34,NA,31,9,0,0,226.7,30.3,2.7,6.03598187032955,16,7.52125,-149.046666666667,382,-149.046666666667,-149.046666666667,-9.31541666666667,-9.31541666666667,-9.31541666666667,159.1833,1.17,222.8167,2,NA
2555387,"Cody Kessler","CLE","QB",24,1,9,118.3,118.3,118.3,NA,32,26.72,0,0,234.2,31.3,2.7,6.03598187032955,16,7.39375,-151.086666666667,383,-151.086666666667,-151.086666666667,-9.44291666666667,-9.44291666666667,-9.44291666666667,184.7433,0.52,198.2567,1,NA
2543640,"Tom Savage","HOU","QB",27,3,7,104.38,104.38,104.38,NA,33,28.62,0,0,249.6,32.8,3,6.70664381796394,16,6.52375,-165.006666666667,384,-165.006666666667,-165.006666666667,-10.3129166666667,-10.3129166666667,-10.3129166666667,195.4967,0.6733,188.5033,1,NA
2539308,"Matt Barkley","SF","QB",27,4,11,78.78,78.78,78.78,NA,34,13.91,0,0,NA,40.5,3.5,7.82441373068792,10,7.878,-190.606666666667,385,-190.606666666667,-190.606666666667,-8.95866666666667,-8.95866666666667,-8.95866666666667,244.4633,0.2,140.5367,1,NA
2552576,"Sean Mannion","LAR","QB",25,2,9,72.74,72.74,72.74,NA,35,16.57,0,0,NA,NA,NA,NA,16,4.54625,-196.646666666667,386,-196.646666666667,-196.646666666667,-12.2904166666667,-12.2904166666667,-12.2904166666667,150.97,0.585,235.03,1,NA
2557983,"DeShone Kizer","CLE","QB",21,0,9,57,57,57,NA,36,8.31,0,0,263.1,33.9,3.5,7.82441373068792,16,3.5625,-212.386666666667,387,-212.386666666667,-212.386666666667,-13.2741666666667,-13.2741666666667,-13.2741666666667,171.3667,1.0967,215.6333,1,NA
2555316,"Paxton Lynch","DEN","QB",23,1,5,55.34,55.34,55.34,NA,37,14.45,0,0,261.9,33.1,2.4,5.36531992269516,16,3.45875,-214.046666666667,388,-214.046666666667,-214.046666666667,-13.3779166666667,-13.3779166666667,-13.3779166666667,170.51,0.8467,217.49,1,NA
2552369,"Bryce Petty","NYJ","QB",26,2,11,42.04,42.04,42.04,NA,38,9.97,0,0,NA,36.7,1.7,3.80044204488158,16,2.6275,-227.346666666667,389,-227.346666666667,-227.346666666667,-14.2091666666667,-14.2091666666667,-14.2091666666667,160.485,0.145,228.515,1,NA
2533436,"Brock Osweiler","CLE","QB",27,5,9,39.74,39.74,39.74,NA,39,16.74,0,0,273,34.3,4.1,9.1657376259567,16,2.48375,-229.646666666667,390,-229.646666666667,-229.646666666667,-14.3529166666667,-14.3529166666667,-14.3529166666667,206.7533,0.59,183.2467,1,NA
2558008,"Mitchell Trubisky","CHI","QB",23,0,9,24.4,24.4,24.4,NA,40,4,0,0,NA,NA,NA,NA,16,1.525,-244.986666666667,391,-244.986666666667,-244.986666666667,-15.3116666666667,-15.3116666666667,-15.3116666666667,166.9967,1.3333,224.0033,2,NA
2506546,"Derek Anderson","CAR","QB",34,12,11,21.6,21.6,21.6,NA,41,2.88,0,0,NA,NA,NA,NA,16,1.35,-247.786666666667,392,-247.786666666667,-247.786666666667,-15.4866666666667,-15.4866666666667,-15.4866666666667,160.425,0.4367,231.575,1,NA
2539287,"Landry Jones","PIT","QB",28,4,9,19.2,19.2,19.2,NA,42,2.03,0,0,NA,NA,NA,NA,16,1.2,-250.186666666667,393,-250.186666666667,-250.186666666667,-15.6366666666667,-15.6366666666667,-15.6366666666667,170,0.325,223,1,NA
2555416,"Christian Hackenberg","NYJ","QB",22,1,11,18.24,18.24,18.24,NA,43,2.29,0,0,NA,35.8,2.7,6.03598187032955,16,1.14,-251.146666666667,394,-251.146666666667,-251.146666666667,-15.6966666666667,-15.6966666666667,-15.6966666666667,204.7033,0.3,189.2967,1,NA
2532888,"Case Keenum","MIN","QB",29,5,9,16.1,16.1,16.1,NA,44,0.98,0,0,NA,NA,NA,NA,16,1.00625,-253.286666666667,395,-253.286666666667,-253.286666666667,-15.8304166666667,-15.8304166666667,-15.8304166666667,160.5,0.115,234.5,1,NA
2495748,"Drew Stanton","ARI","QB",33,10,8,15.8,15.8,15.8,NA,45,1.56,0,0,NA,NA,NA,NA,16,0.9875,-253.586666666667,396,-253.586666666667,-253.586666666667,-15.8491666666667,-15.8491666666667,-15.8491666666667,170,0.35,226,1,NA
2543801,"Jimmy Garoppolo","NE","QB",26,3,9,14.44,14.44,14.44,NA,46,1.05,0,0,245.2,35.2,2.9,6.48308983541914,16,0.9025,-254.946666666667,397,-254.946666666667,-254.946666666667,-15.9341666666667,-15.9341666666667,-15.9341666666667,170.8833,1.29,226.1167,2,NA
2506562,"Matt Cassel","TEN","QB",35,12,8,14.04,14.04,14.04,NA,47,1.57,0,0,NA,NA,NA,NA,16,0.8775,-255.346666666667,398,-255.346666666667,-255.346666666667,-15.9591666666667,-15.9591666666667,-15.9591666666667,170,0.095,228,1,NA
2558125,"Patrick Mahomes","KC","QB",NA,0,10,12.74,12.74,12.74,NA,48,0.700000000000001,0,0,NA,37.8,2.8,6.25953585287434,16,0.79625,-256.646666666667,399,-256.646666666667,-256.646666666667,-16.0404166666667,-16.0404166666667,-16.0404166666667,158.58,2.39,240.42,3,NA
2532842,"Nick Foles","PHI","QB",28,5,10,12.2,12.2,12.2,NA,49,0.319999999999999,0,0,NA,NA,NA,NA,16,0.7625,-257.186666666667,400,-257.186666666667,-257.186666666667,-16.0741666666667,-16.0741666666667,-16.0741666666667,160.485,0.4167,239.515,1,NA
2555426,"Cardale Jones","BUF","QB",25,1,6,11.88,11.88,11.88,NA,50,NA,0,0,NA,NA,NA,NA,16,0.7425,-257.506666666667,401,-257.506666666667,-257.506666666667,-16.0941666666667,-16.0941666666667,-16.0941666666667,170,0.28,231,1,NA
